config_file,chunk_size,estimator,pop_min,exp_l,pop_max,exp_r,pop_range,exp_range,nlearn_l,nlearn_r,ch_min,ch_max,poperr_min,poperr_max,poperr_range
waldm1sd05n10000,50,bt_est_on,0.032282022,0.075603475,15.19482767,11.99449236,15.16254565,11.91888888,43,0,0.076336466,0.076336466,-0.043321454,3.200335314,3.243656767
waldm1sd05n10000,50,bt_est_on,0.032282022,0.075603475,15.19482767,11.99449236,15.16254565,11.91888888,0,0,0.083826291,0.083826291,-0.043321454,3.200335314,3.243656767
waldm1sd05n10000,50,bt_est_on,0.032282022,0.067463208,15.19482767,11.99449236,15.16254565,11.92702915,43,0,0.067571326,0.067571326,-0.035181186,3.200335314,3.2355165
waldm1sd05n10000,50,bt_est_on,0.032282022,0.067463208,15.19482767,11.99449236,15.16254565,11.92702915,0,0,0.078689879,0.078689879,-0.035181186,3.200335314,3.2355165
waldm1sd05n10000,50,bt_est_on,0.032282022,0.045411962,15.19482767,11.99449236,15.16254565,11.9490804,46,0,0.047314312,0.047314312,-0.01312994,3.200335314,3.213465254
waldm1sd05n10000,50,bt_est_on,0.032282022,0.045411962,15.19482767,11.99449236,15.16254565,11.9490804,0,0,0.079281163,0.079281163,-0.01312994,3.200335314,3.213465254
waldm1sd05n10000,50,bt_est_on,0.032282022,0.045411962,15.19482767,11.99449236,15.16254565,11.9490804,0,0,0.050640904,0.050640904,-0.01312994,3.200335314,3.213465254
waldm1sd05n10000,50,bt_est_on,0.032282022,0.045411962,15.19482767,14.19366974,15.16254565,14.14825778,44,0,0.099786694,0.099786694,-0.01312994,1.00115793,1.014287871
waldm1sd05n10000,50,bt_est_on,0.032282022,0.034903958,15.19482767,14.19366974,15.16254565,14.15876578,45,0,0.036809662,0.036809662,-0.002621936,1.00115793,1.003779867
waldm1sd05n10000,50,bt_est_on,0.032282022,-13.16629253,15.19482767,14.66078447,15.16254565,27.827077,2,0,-13.16629253,-13.16629253,13.19857456,0.534043206,-12.66453135
waldm1sd05n10000,50,bt_est_on,0.032282022,-13.16629253,15.19482767,14.66078447,15.16254565,27.827077,0,0,0.073010745,0.073010745,13.19857456,0.534043206,-12.66453135
waldm1sd05n10000,50,bt_est_on,0.032282022,-13.16629253,15.19482767,14.66078447,15.16254565,27.827077,0,0,0.055718853,0.055718853,13.19857456,0.534043206,-12.66453135
waldm1sd05n10000,50,bt_est_on,0.032282022,-13.16629253,15.19482767,14.66078447,15.16254565,27.827077,0,0,0.071954207,0.071954207,13.19857456,0.534043206,-12.66453135
waldm1sd05n10000,50,bt_est_on,0.032282022,-13.16629253,15.19482767,14.66078447,15.16254565,27.827077,0,0,0.095411595,0.095411595,13.19857456,0.534043206,-12.66453135
waldm1sd05n10000,50,bt_est_on,0.032282022,-13.16629253,15.19482767,14.66078447,15.16254565,27.827077,0,0,0.041686309,0.041686309,13.19857456,0.534043206,-12.66453135
waldm1sd05n10000,50,bt_est_on,0.032282022,-13.16629253,15.19482767,14.66078447,15.16254565,27.827077,0,0,0.09415623,0.09415623,13.19857456,0.534043206,-12.66453135
waldm1sd05n10000,50,bt_est_on,0.032282022,-13.16629253,15.19482767,14.66078447,15.16254565,27.827077,0,0,0.05048282,0.05048282,13.19857456,0.534043206,-12.66453135
waldm1sd05n10000,50,bt_est_on,0.032282022,-13.16629253,15.19482767,14.66078447,15.16254565,27.827077,0,0,0.093811418,0.093811418,13.19857456,0.534043206,-12.66453135
waldm1sd05n10000,50,bt_est_on,0.032282022,-13.16629253,15.19482767,14.66078447,15.16254565,27.827077,0,0,0.107096153,0.107096153,13.19857456,0.534043206,-12.66453135
waldm1sd05n10000,50,bt_est_on,0.032282022,-13.16629253,15.19482767,14.66078447,15.16254565,27.827077,0,0,0.082219332,0.082219332,13.19857456,0.534043206,-12.66453135
waldm1sd05n10000,50,bt_est_on,0.032282022,-13.16629253,15.19482767,14.66078447,15.16254565,27.827077,0,0,0.081540538,0.081540538,13.19857456,0.534043206,-12.66453135
waldm1sd05n10000,50,bt_est_on,0.032282022,-13.16629253,15.19482767,14.66078447,15.16254565,27.827077,0,0,0.08859643,0.08859643,13.19857456,0.534043206,-12.66453135
waldm1sd05n10000,50,bt_est_on,0.032282022,-13.16629253,15.19482767,14.66078447,15.16254565,27.827077,0,0,0.041385193,0.041385193,13.19857456,0.534043206,-12.66453135
waldm1sd05n10000,50,bt_est_on,0.032282022,-13.16629253,15.19482767,14.66078447,15.16254565,27.827077,0,0,0.057896928,0.057896928,13.19857456,0.534043206,-12.66453135
waldm1sd05n10000,50,bt_est_on,0.032282022,-13.16629253,15.19482767,14.66078447,15.16254565,27.827077,0,0,0.042344231,0.042344231,13.19857456,0.534043206,-12.66453135
waldm1sd05n10000,50,bt_est_on,0.032282022,-13.16629253,15.19482767,14.66078447,15.16254565,27.827077,0,0,0.076027095,0.076027095,13.19857456,0.534043206,-12.66453135
waldm1sd05n10000,50,bt_est_on,0.032282022,-13.16629253,15.19482767,14.66078447,15.16254565,27.827077,0,0,0.108963227,0.108963227,13.19857456,0.534043206,-12.66453135
waldm1sd05n10000,50,bt_est_on,0.032282022,-13.16629253,15.19482767,14.66078447,15.16254565,27.827077,0,0,0.06764509,0.06764509,13.19857456,0.534043206,-12.66453135
waldm1sd05n10000,50,bt_est_on,0.032282022,-13.16629253,15.19482767,14.66078447,15.16254565,27.827077,0,0,0.074049733,0.074049733,13.19857456,0.534043206,-12.66453135
waldm1sd05n10000,50,bt_est_on,0.032282022,-13.16629253,15.19482767,14.66078447,15.16254565,27.827077,0,0,0.063616909,0.063616909,13.19857456,0.534043206,-12.66453135
waldm1sd05n10000,50,bt_est_on,0.032282022,-13.16629253,15.19482767,14.66078447,15.16254565,27.827077,0,0,0.104150426,0.104150426,13.19857456,0.534043206,-12.66453135
waldm1sd05n10000,50,bt_est_on,0.032282022,-13.16629253,15.19482767,14.66078447,15.16254565,27.827077,0,0,0.080505081,0.080505081,13.19857456,0.534043206,-12.66453135
waldm1sd05n10000,50,bt_est_on,0.032282022,-13.16629253,15.19482767,14.66078447,15.16254565,27.827077,0,0,0.088495026,0.088495026,13.19857456,0.534043206,-12.66453135
waldm1sd05n10000,50,bt_est_on,0.032282022,-13.16629253,15.19482767,14.66078447,15.16254565,27.827077,0,0,0.075971233,0.075971233,13.19857456,0.534043206,-12.66453135
waldm1sd05n10000,50,bt_est_on,0.032282022,-13.16629253,15.19482767,14.66078447,15.16254565,27.827077,0,0,0.052099865,0.052099865,13.19857456,0.534043206,-12.66453135
waldm1sd05n10000,50,bt_est_on,0.032282022,-13.16629253,15.19482767,14.66078447,15.16254565,27.827077,0,0,0.049860459,0.049860459,13.19857456,0.534043206,-12.66453135
waldm1sd05n10000,50,bt_est_on,0.032282022,-13.16629253,15.19482767,14.66078447,15.16254565,27.827077,0,0,0.060190225,0.060190225,13.19857456,0.534043206,-12.66453135
waldm1sd05n10000,50,bt_est_on,0.032282022,-13.16629253,15.19482767,14.66078447,15.16254565,27.827077,0,0,0.053108065,0.053108065,13.19857456,0.534043206,-12.66453135
waldm1sd05n10000,50,bt_est_on,0.032282022,-13.16629253,15.19482767,14.66078447,15.16254565,27.827077,0,0,0.056119718,0.056119718,13.19857456,0.534043206,-12.66453135
waldm1sd05n10000,50,bt_est_on,0.032282022,-13.16629253,15.19482767,14.66078447,15.16254565,27.827077,0,0,0.04657282,0.04657282,13.19857456,0.534043206,-12.66453135
waldm1sd05n10000,50,bt_est_on,0.032282022,-13.16629253,15.19482767,14.66078447,15.16254565,27.827077,0,0,0.068885177,0.068885177,13.19857456,0.534043206,-12.66453135
waldm1sd05n10000,50,bt_est_on,0.032282022,-13.16629253,15.19482767,14.66078447,15.16254565,27.827077,0,0,0.123481663,0.123481663,13.19857456,0.534043206,-12.66453135
waldm1sd05n10000,50,bt_est_on,0.032282022,-13.16629253,15.19482767,15.10328063,15.16254565,28.26957316,0,1,0.065103565,0.065103565,13.19857456,0.091547045,-13.10702751
waldm1sd05n10000,50,bt_est_on,0.032282022,-13.16629253,15.19482767,15.10328063,15.16254565,28.26957316,0,0,0.069553217,0.069553217,13.19857456,0.091547045,-13.10702751
waldm1sd05n10000,50,bt_est_on,0.032282022,-13.16629253,15.19482767,15.10328063,15.16254565,28.26957316,0,0,0.071480721,0.071480721,13.19857456,0.091547045,-13.10702751
waldm1sd05n10000,50,bt_est_on,0.032282022,-13.16629253,15.19482767,15.10328063,15.16254565,28.26957316,0,0,0.080518769,0.080518769,13.19857456,0.091547045,-13.10702751
waldm1sd05n10000,50,bt_est_on,0.032282022,-13.16629253,15.19482767,15.10328063,15.16254565,28.26957316,0,0,0.053364338,0.053364338,13.19857456,0.091547045,-13.10702751
waldm1sd05n10000,50,bt_est_on,0.032282022,-13.16629253,15.19482767,15.10328063,15.16254565,28.26957316,0,0,0.112505459,0.112505459,13.19857456,0.091547045,-13.10702751
waldm1sd05n10000,50,bt_est_on,0.032282022,-13.16629253,15.19482767,15.10328063,15.16254565,28.26957316,0,0,0.09142503,0.09142503,13.19857456,0.091547045,-13.10702751
waldm1sd05n10000,50,bt_est_on,0.032282022,-13.16629253,15.19482767,15.10328063,15.16254565,28.26957316,0,0,0.098499414,0.098499414,13.19857456,0.091547045,-13.10702751
waldm1sd05n10000,50,bt_est_on,0.032282022,-13.16629253,15.19482767,15.10328063,15.16254565,28.26957316,0,0,0.084067986,0.084067986,13.19857456,0.091547045,-13.10702751
waldm1sd05n10000,50,bt_est_on,0.032282022,-13.16629253,15.19482767,15.10328063,15.16254565,28.26957316,0,0,0.111544601,0.111544601,13.19857456,0.091547045,-13.10702751
waldm1sd05n10000,50,bt_est_on,0.032282022,-13.16629253,15.19482767,15.10328063,15.16254565,28.26957316,0,0,0.059623258,0.059623258,13.19857456,0.091547045,-13.10702751
waldm1sd05n10000,50,bt_est_on,0.032282022,-13.16629253,15.19482767,15.10328063,15.16254565,28.26957316,0,0,0.050031905,0.050031905,13.19857456,0.091547045,-13.10702751
waldm1sd05n10000,50,bt_est_on,0.032282022,-13.16629253,15.19482767,15.10328063,15.16254565,28.26957316,0,0,0.089283121,0.089283121,13.19857456,0.091547045,-13.10702751
waldm1sd05n10000,50,bt_est_on,0.032282022,-13.16629253,15.19482767,15.10328063,15.16254565,28.26957316,0,0,0.066588694,0.066588694,13.19857456,0.091547045,-13.10702751
waldm1sd05n10000,50,bt_est_on,0.032282022,-13.16629253,15.19482767,15.10328063,15.16254565,28.26957316,0,0,0.086831456,0.086831456,13.19857456,0.091547045,-13.10702751
waldm1sd05n10000,50,bt_est_on,0.032282022,-13.16629253,15.19482767,15.10328063,15.16254565,28.26957316,0,0,0.069129965,0.069129965,13.19857456,0.091547045,-13.10702751
waldm1sd05n10000,50,bt_est_on,0.032282022,-13.16629253,15.19482767,15.10328063,15.16254565,28.26957316,0,0,0.069367353,0.069367353,13.19857456,0.091547045,-13.10702751
waldm1sd05n10000,50,bt_est_on,0.032282022,-13.16629253,15.19482767,15.10328063,15.16254565,28.26957316,0,0,0.074063093,0.074063093,13.19857456,0.091547045,-13.10702751
waldm1sd05n10000,50,bt_est_onmm,0.032282022,0.076336466,15.19482767,11.99449236,15.16254565,11.91815589,43,0,0.076336466,0.076336466,-0.044054444,3.200335314,3.244389758
waldm1sd05n10000,50,bt_est_onmm,0.032282022,0.076336466,15.19482767,11.99449236,15.16254565,11.91815589,0,0,0.083826291,0.083826291,-0.044054444,3.200335314,3.244389758
waldm1sd05n10000,50,bt_est_onmm,0.032282022,0.067571326,15.19482767,11.99449236,15.16254565,11.92692103,43,0,0.067571326,0.067571326,-0.035289304,3.200335314,3.235624618
waldm1sd05n10000,50,bt_est_onmm,0.032282022,0.067571326,15.19482767,11.99449236,15.16254565,11.92692103,0,0,0.078689879,0.078689879,-0.035289304,3.200335314,3.235624618
waldm1sd05n10000,50,bt_est_onmm,0.032282022,0.047314312,15.19482767,11.99449236,15.16254565,11.94717805,46,0,0.047314312,0.047314312,-0.01503229,3.200335314,3.215367604
waldm1sd05n10000,50,bt_est_onmm,0.032282022,0.047314312,15.19482767,11.99449236,15.16254565,11.94717805,0,0,0.079281163,0.079281163,-0.01503229,3.200335314,3.215367604
waldm1sd05n10000,50,bt_est_onmm,0.032282022,0.047314312,15.19482767,11.99449236,15.16254565,11.94717805,0,0,0.050640904,0.050640904,-0.01503229,3.200335314,3.215367604
waldm1sd05n10000,50,bt_est_onmm,0.032282022,0.047314312,15.19482767,14.19366974,15.16254565,14.14635543,44,0,0.099786694,0.099786694,-0.01503229,1.00115793,1.016190221
waldm1sd05n10000,50,bt_est_onmm,0.032282022,0.047314312,15.19482767,14.19366974,15.16254565,14.14635543,44,0,0.036809662,0.036809662,-0.01503229,1.00115793,1.016190221
waldm1sd05n10000,50,bt_est_onmm,0.032282022,0.047314312,15.19482767,14.66078447,15.16254565,14.61347015,43,0,-13.16629253,-13.16629253,-0.01503229,0.534043206,0.549075496
waldm1sd05n10000,50,bt_est_onmm,0.032282022,0.047314312,15.19482767,14.66078447,15.16254565,14.61347015,0,0,0.073010745,0.073010745,-0.01503229,0.534043206,0.549075496
waldm1sd05n10000,50,bt_est_onmm,0.032282022,0.047314312,15.19482767,14.66078447,15.16254565,14.61347015,0,0,0.055718853,0.055718853,-0.01503229,0.534043206,0.549075496
waldm1sd05n10000,50,bt_est_onmm,0.032282022,0.047314312,15.19482767,14.66078447,15.16254565,14.61347015,0,0,0.071954207,0.071954207,-0.01503229,0.534043206,0.549075496
waldm1sd05n10000,50,bt_est_onmm,0.032282022,0.047314312,15.19482767,14.66078447,15.16254565,14.61347015,0,0,0.095411595,0.095411595,-0.01503229,0.534043206,0.549075496
waldm1sd05n10000,50,bt_est_onmm,0.032282022,0.041686309,15.19482767,14.66078447,15.16254565,14.61909816,43,0,0.041686309,0.041686309,-0.009404287,0.534043206,0.543447493
waldm1sd05n10000,50,bt_est_onmm,0.032282022,0.041686309,15.19482767,14.66078447,15.16254565,14.61909816,0,0,0.09415623,0.09415623,-0.009404287,0.534043206,0.543447493
waldm1sd05n10000,50,bt_est_onmm,0.032282022,0.041686309,15.19482767,14.66078447,15.16254565,14.61909816,0,0,0.05048282,0.05048282,-0.009404287,0.534043206,0.543447493
waldm1sd05n10000,50,bt_est_onmm,0.032282022,0.041686309,15.19482767,14.66078447,15.16254565,14.61909816,0,0,0.093811418,0.093811418,-0.009404287,0.534043206,0.543447493
waldm1sd05n10000,50,bt_est_onmm,0.032282022,0.041686309,15.19482767,14.66078447,15.16254565,14.61909816,0,0,0.107096153,0.107096153,-0.009404287,0.534043206,0.543447493
waldm1sd05n10000,50,bt_est_onmm,0.032282022,0.041686309,15.19482767,14.66078447,15.16254565,14.61909816,0,0,0.082219332,0.082219332,-0.009404287,0.534043206,0.543447493
waldm1sd05n10000,50,bt_est_onmm,0.032282022,0.041686309,15.19482767,14.66078447,15.16254565,14.61909816,0,0,0.081540538,0.081540538,-0.009404287,0.534043206,0.543447493
waldm1sd05n10000,50,bt_est_onmm,0.032282022,0.041686309,15.19482767,14.66078447,15.16254565,14.61909816,0,0,0.08859643,0.08859643,-0.009404287,0.534043206,0.543447493
waldm1sd05n10000,50,bt_est_onmm,0.032282022,0.041385193,15.19482767,14.66078447,15.16254565,14.61939927,42,0,0.041385193,0.041385193,-0.009103171,0.534043206,0.543146377
waldm1sd05n10000,50,bt_est_onmm,0.032282022,0.041385193,15.19482767,14.66078447,15.16254565,14.61939927,0,0,0.057896928,0.057896928,-0.009103171,0.534043206,0.543146377
waldm1sd05n10000,50,bt_est_onmm,0.032282022,0.041385193,15.19482767,14.66078447,15.16254565,14.61939927,0,0,0.042344231,0.042344231,-0.009103171,0.534043206,0.543146377
waldm1sd05n10000,50,bt_est_onmm,0.032282022,0.041385193,15.19482767,14.66078447,15.16254565,14.61939927,0,0,0.076027095,0.076027095,-0.009103171,0.534043206,0.543146377
waldm1sd05n10000,50,bt_est_onmm,0.032282022,0.041385193,15.19482767,14.66078447,15.16254565,14.61939927,0,0,0.108963227,0.108963227,-0.009103171,0.534043206,0.543146377
waldm1sd05n10000,50,bt_est_onmm,0.032282022,0.041385193,15.19482767,14.66078447,15.16254565,14.61939927,0,0,0.06764509,0.06764509,-0.009103171,0.534043206,0.543146377
waldm1sd05n10000,50,bt_est_onmm,0.032282022,0.041385193,15.19482767,14.66078447,15.16254565,14.61939927,0,0,0.074049733,0.074049733,-0.009103171,0.534043206,0.543146377
waldm1sd05n10000,50,bt_est_onmm,0.032282022,0.041385193,15.19482767,14.66078447,15.16254565,14.61939927,0,0,0.063616909,0.063616909,-0.009103171,0.534043206,0.543146377
waldm1sd05n10000,50,bt_est_onmm,0.032282022,0.041385193,15.19482767,14.66078447,15.16254565,14.61939927,0,0,0.104150426,0.104150426,-0.009103171,0.534043206,0.543146377
waldm1sd05n10000,50,bt_est_onmm,0.032282022,0.041385193,15.19482767,14.66078447,15.16254565,14.61939927,0,0,0.080505081,0.080505081,-0.009103171,0.534043206,0.543146377
waldm1sd05n10000,50,bt_est_onmm,0.032282022,0.041385193,15.19482767,14.66078447,15.16254565,14.61939927,0,0,0.088495026,0.088495026,-0.009103171,0.534043206,0.543146377
waldm1sd05n10000,50,bt_est_onmm,0.032282022,0.041385193,15.19482767,14.66078447,15.16254565,14.61939927,0,0,0.075971233,0.075971233,-0.009103171,0.534043206,0.543146377
waldm1sd05n10000,50,bt_est_onmm,0.032282022,0.041385193,15.19482767,14.66078447,15.16254565,14.61939927,0,0,0.052099865,0.052099865,-0.009103171,0.534043206,0.543146377
waldm1sd05n10000,50,bt_est_onmm,0.032282022,0.041385193,15.19482767,14.66078447,15.16254565,14.61939927,0,0,0.049860459,0.049860459,-0.009103171,0.534043206,0.543146377
waldm1sd05n10000,50,bt_est_onmm,0.032282022,0.041385193,15.19482767,14.66078447,15.16254565,14.61939927,0,0,0.060190225,0.060190225,-0.009103171,0.534043206,0.543146377
waldm1sd05n10000,50,bt_est_onmm,0.032282022,0.041385193,15.19482767,14.66078447,15.16254565,14.61939927,0,0,0.053108065,0.053108065,-0.009103171,0.534043206,0.543146377
waldm1sd05n10000,50,bt_est_onmm,0.032282022,0.041385193,15.19482767,14.66078447,15.16254565,14.61939927,0,0,0.056119718,0.056119718,-0.009103171,0.534043206,0.543146377
waldm1sd05n10000,50,bt_est_onmm,0.032282022,0.041385193,15.19482767,14.66078447,15.16254565,14.61939927,0,0,0.04657282,0.04657282,-0.009103171,0.534043206,0.543146377
waldm1sd05n10000,50,bt_est_onmm,0.032282022,0.041385193,15.19482767,14.66078447,15.16254565,14.61939927,0,0,0.068885177,0.068885177,-0.009103171,0.534043206,0.543146377
waldm1sd05n10000,50,bt_est_onmm,0.032282022,0.041385193,15.19482767,14.66078447,15.16254565,14.61939927,0,0,0.123481663,0.123481663,-0.009103171,0.534043206,0.543146377
waldm1sd05n10000,50,bt_est_onmm,0.032282022,0.041385193,15.19482767,15.10328063,15.16254565,15.06189544,44,0,0.065103565,0.065103565,-0.009103171,0.091547045,0.100650216
waldm1sd05n10000,50,bt_est_onmm,0.032282022,0.041385193,15.19482767,15.10328063,15.16254565,15.06189544,0,0,0.069553217,0.069553217,-0.009103171,0.091547045,0.100650216
waldm1sd05n10000,50,bt_est_onmm,0.032282022,0.041385193,15.19482767,15.10328063,15.16254565,15.06189544,0,0,0.071480721,0.071480721,-0.009103171,0.091547045,0.100650216
waldm1sd05n10000,50,bt_est_onmm,0.032282022,0.041385193,15.19482767,15.10328063,15.16254565,15.06189544,0,0,0.080518769,0.080518769,-0.009103171,0.091547045,0.100650216
waldm1sd05n10000,50,bt_est_onmm,0.032282022,0.041385193,15.19482767,15.10328063,15.16254565,15.06189544,0,0,0.053364338,0.053364338,-0.009103171,0.091547045,0.100650216
waldm1sd05n10000,50,bt_est_onmm,0.032282022,0.041385193,15.19482767,15.10328063,15.16254565,15.06189544,0,0,0.112505459,0.112505459,-0.009103171,0.091547045,0.100650216
waldm1sd05n10000,50,bt_est_onmm,0.032282022,0.041385193,15.19482767,15.10328063,15.16254565,15.06189544,0,0,0.09142503,0.09142503,-0.009103171,0.091547045,0.100650216
waldm1sd05n10000,50,bt_est_onmm,0.032282022,0.041385193,15.19482767,15.10328063,15.16254565,15.06189544,0,0,0.098499414,0.098499414,-0.009103171,0.091547045,0.100650216
waldm1sd05n10000,50,bt_est_onmm,0.032282022,0.041385193,15.19482767,15.10328063,15.16254565,15.06189544,0,0,0.084067986,0.084067986,-0.009103171,0.091547045,0.100650216
waldm1sd05n10000,50,bt_est_onmm,0.032282022,0.041385193,15.19482767,15.10328063,15.16254565,15.06189544,0,0,0.111544601,0.111544601,-0.009103171,0.091547045,0.100650216
waldm1sd05n10000,50,bt_est_onmm,0.032282022,0.041385193,15.19482767,15.10328063,15.16254565,15.06189544,0,0,0.059623258,0.059623258,-0.009103171,0.091547045,0.100650216
waldm1sd05n10000,50,bt_est_onmm,0.032282022,0.041385193,15.19482767,15.10328063,15.16254565,15.06189544,0,0,0.050031905,0.050031905,-0.009103171,0.091547045,0.100650216
waldm1sd05n10000,50,bt_est_onmm,0.032282022,0.041385193,15.19482767,15.10328063,15.16254565,15.06189544,0,0,0.089283121,0.089283121,-0.009103171,0.091547045,0.100650216
waldm1sd05n10000,50,bt_est_onmm,0.032282022,0.041385193,15.19482767,15.10328063,15.16254565,15.06189544,0,0,0.066588694,0.066588694,-0.009103171,0.091547045,0.100650216
waldm1sd05n10000,50,bt_est_onmm,0.032282022,0.041385193,15.19482767,15.10328063,15.16254565,15.06189544,0,0,0.086831456,0.086831456,-0.009103171,0.091547045,0.100650216
waldm1sd05n10000,50,bt_est_onmm,0.032282022,0.041385193,15.19482767,15.10328063,15.16254565,15.06189544,0,0,0.069129965,0.069129965,-0.009103171,0.091547045,0.100650216
waldm1sd05n10000,50,bt_est_onmm,0.032282022,0.041385193,15.19482767,15.10328063,15.16254565,15.06189544,0,0,0.069367353,0.069367353,-0.009103171,0.091547045,0.100650216
waldm1sd05n10000,50,bt_est_onmm,0.032282022,0.041385193,15.19482767,15.10328063,15.16254565,15.06189544,0,0,0.074063093,0.074063093,-0.009103171,0.091547045,0.100650216
waldm1sd05n10000,50,bt_est_trad,0.032282022,0.094080708,15.19482767,9.534502241,15.16254565,9.440421534,0,0,0.076336466,11.99449236,-0.061798686,5.660325432,5.722124118
waldm1sd05n10000,50,bt_est_trad,0.032282022,0.080249785,15.19482767,10.02719344,15.16254565,9.946943659,0,0,0.076336466,11.99449236,-0.047967763,5.16763423,5.215601992
waldm1sd05n10000,50,bt_est_trad,0.032282022,0.071284195,15.19482767,10.28571225,15.16254565,10.21442806,0,0,0.067571326,11.99449236,-0.039002173,4.909115421,4.948117594
waldm1sd05n10000,50,bt_est_trad,0.032282022,0.07112064,15.19482767,10.47736056,15.16254565,10.40623992,0,0,0.067571326,11.99449236,-0.038838618,4.717467114,4.756305732
waldm1sd05n10000,50,bt_est_trad,0.032282022,0.052226211,15.19482767,10.4285351,15.16254565,10.37630889,0,0,0.047314312,11.99449236,-0.019944189,4.766292574,4.786236764
waldm1sd05n10000,50,bt_est_trad,0.032282022,0.052083178,15.19482767,10.33308695,15.16254565,10.28100378,0,0,0.047314312,11.99449236,-0.019801156,4.86174072,4.881541876
waldm1sd05n10000,50,bt_est_trad,0.032282022,0.050031081,15.19482767,10.44196765,15.16254565,10.39193657,0,0,0.047314312,11.99449236,-0.01774906,4.752860026,4.770609086
waldm1sd05n10000,50,bt_est_trad,0.032282022,0.050286503,15.19482767,12.85389745,15.16254565,12.80361094,0,0,0.047314312,14.19366974,-0.018004481,2.340930227,2.358934708
waldm1sd05n10000,50,bt_est_trad,0.032282022,0.041351064,15.19482767,12.93151202,15.16254565,12.89016096,0,0,0.036809662,14.19366974,-0.009069042,2.263315654,2.272384696
waldm1sd05n10000,50,bt_est_trad,0.032282022,-11.01570158,15.19482767,14.49937014,15.16254565,25.51507172,0,0,-13.16629253,14.66078447,11.0479836,0.695457534,-10.35252607
waldm1sd05n10000,50,bt_est_trad,0.032282022,-11.0658103,15.19482767,14.50792715,15.16254565,25.57373746,0,0,-13.16629253,14.66078447,11.09809233,0.686900518,-10.41119181
waldm1sd05n10000,50,bt_est_trad,0.032282022,-11.26751522,15.19482767,14.55539337,15.16254565,25.82290859,0,0,-13.16629253,14.66078447,11.29979724,0.639434308,-10.66036293
waldm1sd05n10000,50,bt_est_trad,0.032282022,-11.12707323,15.19482767,14.52625872,15.16254565,25.65333194,0,0,-13.16629253,14.66078447,11.15935525,0.668568955,-10.49078629
waldm1sd05n10000,50,bt_est_trad,0.032282022,-10.81899849,15.19482767,14.53092497,15.16254565,25.34992345,0,0,-13.16629253,14.66078447,10.85128051,0.663902705,-10.1873778
waldm1sd05n10000,50,bt_est_trad,0.032282022,-11.2528035,15.19482767,14.54577721,15.16254565,25.79858071,0,0,-13.16629253,14.66078447,11.28508552,0.649050464,-10.63603506
waldm1sd05n10000,50,bt_est_trad,0.032282022,-11.39966259,15.19482767,14.52121697,15.16254565,25.92087956,0,0,-13.16629253,14.66078447,11.43194461,0.673610701,-10.75833391
waldm1sd05n10000,50,bt_est_trad,0.032282022,-11.12250765,15.19482767,14.51013773,15.16254565,25.63264538,0,0,-13.16629253,14.66078447,11.15478967,0.684689939,-10.47009973
waldm1sd05n10000,50,bt_est_trad,0.032282022,-11.21594955,15.19482767,14.49143376,15.16254565,25.70738331,0,0,-13.16629253,14.66078447,11.24823157,0.703393911,-10.54483766
waldm1sd05n10000,50,bt_est_trad,0.032282022,-11.08266165,15.19482767,14.5248397,15.16254565,25.60750134,0,0,-13.16629253,14.66078447,11.11494367,0.669987978,-10.44495569
waldm1sd05n10000,50,bt_est_trad,0.032282022,-11.28083894,15.19482767,14.53766653,15.16254565,25.81850547,0,0,-13.16629253,14.66078447,11.31312096,0.657161146,-10.65595981
waldm1sd05n10000,50,bt_est_trad,0.032282022,-11.27666403,15.19482767,14.50299751,15.16254565,25.77966154,0,0,-13.16629253,14.66078447,11.30894605,0.691830164,-10.61711589
waldm1sd05n10000,50,bt_est_trad,0.032282022,-11.34680758,15.19482767,14.51742941,15.16254565,25.86423698,0,0,-13.16629253,14.66078447,11.3790896,0.677398266,-10.70169133
waldm1sd05n10000,50,bt_est_trad,0.032282022,-11.33977379,15.19482767,14.53650416,15.16254565,25.87627796,0,0,-13.16629253,14.66078447,11.37205581,0.65832351,-10.7137323
waldm1sd05n10000,50,bt_est_trad,0.032282022,-11.19341973,15.19482767,14.48113663,15.16254565,25.67455635,0,0,-13.16629253,14.66078447,11.22570175,0.713691047,-10.5120107
waldm1sd05n10000,50,bt_est_trad,0.032282022,-11.24535208,15.19482767,14.52984456,15.16254565,25.77519664,0,0,-13.16629253,14.66078447,11.2776341,0.664983114,-10.61265099
waldm1sd05n10000,50,bt_est_trad,0.032282022,-11.17264965,15.19482767,14.55829896,15.16254565,25.73094862,0,0,-13.16629253,14.66078447,11.20493168,0.636528709,-10.56840297
waldm1sd05n10000,50,bt_est_trad,0.032282022,-11.19757511,15.19482767,14.55119713,15.16254565,25.74877223,0,0,-13.16629253,14.66078447,11.22985713,0.643630546,-10.58622658
waldm1sd05n10000,50,bt_est_trad,0.032282022,-11.2339842,15.19482767,14.57488597,15.16254565,25.80887017,0,0,-13.16629253,14.66078447,11.26626623,0.619941703,-10.64632452
waldm1sd05n10000,50,bt_est_trad,0.032282022,-11.29762384,15.19482767,14.56726597,15.16254565,25.8648898,0,0,-13.16629253,14.66078447,11.32990586,0.627561707,-10.70234415
waldm1sd05n10000,50,bt_est_trad,0.032282022,-11.30232827,15.19482767,14.56647272,15.16254565,25.86880099,0,0,-13.16629253,14.66078447,11.33461029,0.628354955,-10.70625534
waldm1sd05n10000,50,bt_est_trad,0.032282022,-11.48551488,15.19482767,14.58138349,15.16254565,26.06689837,0,0,-13.16629253,14.66078447,11.5177969,0.613444182,-10.90435272
waldm1sd05n10000,50,bt_est_trad,0.032282022,-11.54797706,15.19482767,14.57322151,15.16254565,26.12119857,0,0,-13.16629253,14.66078447,11.58025908,0.621606164,-10.95865292
waldm1sd05n10000,50,bt_est_trad,0.032282022,-11.33268886,15.19482767,14.55663333,15.16254565,25.88932219,0,0,-13.16629253,14.66078447,11.36497088,0.638194345,-10.72677654
waldm1sd05n10000,50,bt_est_trad,0.032282022,-11.3814941,15.19482767,14.55949142,15.16254565,25.94098553,0,0,-13.16629253,14.66078447,11.41377613,0.635336249,-10.77843988
waldm1sd05n10000,50,bt_est_trad,0.032282022,-10.95907791,15.19482767,14.57397226,15.16254565,25.53305018,0,0,-13.16629253,14.66078447,10.99135994,0.620855408,-10.37050453
waldm1sd05n10000,50,bt_est_trad,0.032282022,-11.37908691,15.19482767,14.54981911,15.16254565,25.92890602,0,0,-13.16629253,14.66078447,11.41136893,0.64500856,-10.76636037
waldm1sd05n10000,50,bt_est_trad,0.032282022,-11.04716997,15.19482767,14.55801341,15.16254565,25.60518338,0,0,-13.16629253,14.66078447,11.07945199,0.636814268,-10.44263772
waldm1sd05n10000,50,bt_est_trad,0.032282022,-11.28572505,15.19482767,14.5628271,15.16254565,25.84855215,0,0,-13.16629253,14.66078447,11.31800707,0.632000569,-10.6860065
waldm1sd05n10000,50,bt_est_trad,0.032282022,-11.20656843,15.19482767,14.57795396,15.16254565,25.78452239,0,0,-13.16629253,14.66078447,11.23885045,0.61687371,-10.62197674
waldm1sd05n10000,50,bt_est_trad,0.032282022,-11.31364805,15.19482767,14.52476635,15.16254565,25.8384144,0,0,-13.16629253,14.66078447,11.34593007,0.67006132,-10.67586875
waldm1sd05n10000,50,bt_est_trad,0.032282022,-11.38920192,15.19482767,14.57121298,15.16254565,25.9604149,0,0,-13.16629253,14.66078447,11.42148394,0.62361469,-10.79786925
waldm1sd05n10000,50,bt_est_trad,0.032282022,-11.36012358,15.19482767,14.56418097,15.16254565,25.92430455,0,0,-13.16629253,14.66078447,11.3924056,0.630646705,-10.76175889
waldm1sd05n10000,50,bt_est_trad,0.032282022,-11.53970149,15.19482767,14.89486943,15.16254565,26.43457092,0,0,-13.16629253,15.10328063,11.57198351,0.299958245,-11.27202527
waldm1sd05n10000,50,bt_est_trad,0.032282022,-11.38262329,15.19482767,14.87724983,15.16254565,26.25987312,0,0,-13.16629253,15.10328063,11.41490531,0.317577839,-11.09732747
waldm1sd05n10000,50,bt_est_trad,0.032282022,-10.88362302,15.19482767,14.89714614,15.16254565,25.78076916,0,0,-13.16629253,15.10328063,10.91590504,0.297681537,-10.61822351
waldm1sd05n10000,50,bt_est_trad,0.032282022,-11.26842737,15.19482767,14.90736038,15.16254565,26.17578775,0,0,-13.16629253,15.10328063,11.30070939,0.287467291,-11.0132421
waldm1sd05n10000,50,bt_est_trad,0.032282022,-11.13631447,15.19482767,14.87876625,15.16254565,26.01508072,0,0,-13.16629253,15.10328063,11.16859649,0.316061419,-10.85253507
waldm1sd05n10000,50,bt_est_trad,0.032282022,-11.10789512,15.19482767,14.91389074,15.16254565,26.02178585,0,0,-13.16629253,15.10328063,11.14017714,0.280936937,-10.8592402
waldm1sd05n10000,50,bt_est_trad,0.032282022,-11.04897087,15.19482767,14.89932934,15.16254565,25.94830021,0,0,-13.16629253,15.10328063,11.08125289,0.295498334,-10.78575456
waldm1sd05n10000,50,bt_est_trad,0.032282022,-11.28994151,15.19482767,14.90735228,15.16254565,26.19729378,0,0,-13.16629253,15.10328063,11.32222353,0.287475396,-11.03474813
waldm1sd05n10000,50,bt_est_trad,0.032282022,-11.127403,15.19482767,14.90849105,15.16254565,26.03589405,0,0,-13.16629253,15.10328063,11.15968502,0.286336621,-10.8733484
waldm1sd05n10000,50,bt_est_trad,0.032282022,-11.12448954,15.19482767,14.91439485,15.16254565,26.03888439,0,0,-13.16629253,15.10328063,11.15677156,0.280432822,-10.87633874
waldm1sd05n10000,50,bt_est_trad,0.032282022,-11.01030504,15.19482767,14.88186601,15.16254565,25.89217105,0,0,-13.16629253,15.10328063,11.04258706,0.31296166,-10.7296254
waldm1sd05n10000,50,bt_est_trad,0.032282022,-10.95198253,15.19482767,14.91735577,15.16254565,25.8693383,0,0,-13.16629253,15.10328063,10.98426455,0.277471901,-10.70679265
waldm1sd05n10000,50,bt_est_trad,0.032282022,-11.39631122,15.19482767,14.90248209,15.16254565,26.29879331,0,0,-13.16629253,15.10328063,11.42859324,0.29234558,-11.13624766
waldm1sd05n10000,50,bt_est_trad,0.032282022,-11.23040822,15.19482767,14.90444318,15.16254565,26.13485139,0,0,-13.16629253,15.10328063,11.26269024,0.290384497,-10.97230574
waldm1sd05n10000,50,bt_est_trad,0.032282022,-11.47599133,15.19482767,14.93201318,15.16254565,26.40800451,0,0,-13.16629253,15.10328063,11.50827335,0.262814497,-11.24545885
waldm1sd05n10000,50,bt_est_trad,0.032282022,-11.34343677,15.19482767,14.89358125,15.16254565,26.23701802,0,0,-13.16629253,15.10328063,11.37571879,0.301246421,-11.07447237
waldm1sd05n10000,50,bt_est_trad,0.032282022,-11.32078867,15.19482767,14.9132827,15.16254565,26.23407138,0,0,-13.16629253,15.10328063,11.3530707,0.281544971,-11.07152572
waldm1sd05n10000,50,bt_est_trad,0.032282022,-11.72529012,15.19482767,14.89380294,15.16254565,26.61909306,0,0,-13.16629253,15.10328063,11.75757214,0.301024732,-11.45654741
waldm1sd05n10000,50,bt_est_on_out,0.032282022,0.075025736,15.19482767,11.99449236,15.16254565,11.91946662,43,0,0.076336466,0.076336466,-0.042743714,3.200335314,3.243079027
waldm1sd05n10000,50,bt_est_on_out,0.032282022,0.075025736,15.19482767,11.99449236,15.16254565,11.91946662,0,0,0.083826291,0.083826291,-0.042743714,3.200335314,3.243079027
waldm1sd05n10000,50,bt_est_on_out,0.032282022,0.064765697,15.19482767,11.99449236,15.16254565,11.92972666,43,0,0.067571326,0.067571326,-0.032483675,3.200335314,3.232818989
waldm1sd05n10000,50,bt_est_on_out,0.032282022,0.064765697,15.19482767,11.99449236,15.16254565,11.92972666,0,0,0.078689879,0.078689879,-0.032483675,3.200335314,3.232818989
waldm1sd05n10000,50,bt_est_on_out,0.032282022,0.044730567,15.19482767,11.99449236,15.16254565,11.94976179,46,0,0.047314312,0.047314312,-0.012448545,3.200335314,3.212783858
waldm1sd05n10000,50,bt_est_on_out,0.032282022,0.044730567,15.19482767,11.99449236,15.16254565,11.94976179,0,0,0.079281163,0.079281163,-0.012448545,3.200335314,3.212783858
waldm1sd05n10000,50,bt_est_on_out,0.032282022,0.044730567,15.19482767,11.99449236,15.16254565,11.94976179,0,0,0.050640904,0.050640904,-0.012448545,3.200335314,3.212783858
waldm1sd05n10000,50,bt_est_on_out,0.032282022,0.044730567,15.19482767,14.19366974,15.16254565,14.14893918,44,0,0.099786694,0.099786694,-0.012448545,1.00115793,1.013606475
waldm1sd05n10000,50,bt_est_on_out,0.032282022,0.036288229,15.19482767,14.19366974,15.16254565,14.15738151,45,0,0.036809662,0.036809662,-0.004006207,1.00115793,1.005164138
waldm1sd05n10000,50,bt_est_on_out,0.032282022,0.036288229,15.19482767,14.66078447,15.16254565,14.62449624,43,0,0.061926655,0.061926655,-0.004006207,0.534043206,0.538049413
waldm1sd05n10000,50,bt_est_on_out,0.032282022,0.036288229,15.19482767,14.66078447,15.16254565,14.62449624,0,0,0.073010745,0.073010745,-0.004006207,0.534043206,0.538049413
waldm1sd05n10000,50,bt_est_on_out,0.032282022,0.036288229,15.19482767,14.66078447,15.16254565,14.62449624,0,0,0.055718853,0.055718853,-0.004006207,0.534043206,0.538049413
waldm1sd05n10000,50,bt_est_on_out,0.032282022,0.036288229,15.19482767,14.66078447,15.16254565,14.62449624,0,0,0.071954207,0.071954207,-0.004006207,0.534043206,0.538049413
waldm1sd05n10000,50,bt_est_on_out,0.032282022,0.036288229,15.19482767,14.66078447,15.16254565,14.62449624,0,0,0.095411595,0.095411595,-0.004006207,0.534043206,0.538049413
waldm1sd05n10000,50,bt_est_on_out,0.032282022,0.036288229,15.19482767,14.66078447,15.16254565,14.62449624,0,0,0.041686309,0.041686309,-0.004006207,0.534043206,0.538049413
waldm1sd05n10000,50,bt_est_on_out,0.032282022,0.036288229,15.19482767,14.66078447,15.16254565,14.62449624,0,0,0.09415623,0.09415623,-0.004006207,0.534043206,0.538049413
waldm1sd05n10000,50,bt_est_on_out,0.032282022,0.036288229,15.19482767,14.66078447,15.16254565,14.62449624,0,0,0.05048282,0.05048282,-0.004006207,0.534043206,0.538049413
waldm1sd05n10000,50,bt_est_on_out,0.032282022,0.036288229,15.19482767,14.66078447,15.16254565,14.62449624,0,0,0.093811418,0.093811418,-0.004006207,0.534043206,0.538049413
waldm1sd05n10000,50,bt_est_on_out,0.032282022,0.036288229,15.19482767,14.66078447,15.16254565,14.62449624,0,0,0.107096153,0.107096153,-0.004006207,0.534043206,0.538049413
waldm1sd05n10000,50,bt_est_on_out,0.032282022,0.036288229,15.19482767,14.66078447,15.16254565,14.62449624,0,0,0.082219332,0.082219332,-0.004006207,0.534043206,0.538049413
waldm1sd05n10000,50,bt_est_on_out,0.032282022,0.036288229,15.19482767,14.66078447,15.16254565,14.62449624,0,0,0.081540538,0.081540538,-0.004006207,0.534043206,0.538049413
waldm1sd05n10000,50,bt_est_on_out,0.032282022,0.036288229,15.19482767,14.66078447,15.16254565,14.62449624,0,0,0.08859643,0.08859643,-0.004006207,0.534043206,0.538049413
waldm1sd05n10000,50,bt_est_on_out,0.032282022,0.036288229,15.19482767,14.66078447,15.16254565,14.62449624,0,0,0.041385193,0.041385193,-0.004006207,0.534043206,0.538049413
waldm1sd05n10000,50,bt_est_on_out,0.032282022,0.036288229,15.19482767,14.66078447,15.16254565,14.62449624,0,0,0.057896928,0.057896928,-0.004006207,0.534043206,0.538049413
waldm1sd05n10000,50,bt_est_on_out,0.032282022,0.036288229,15.19482767,14.66078447,15.16254565,14.62449624,0,0,0.042344231,0.042344231,-0.004006207,0.534043206,0.538049413
waldm1sd05n10000,50,bt_est_on_out,0.032282022,0.036288229,15.19482767,14.66078447,15.16254565,14.62449624,0,0,0.076027095,0.076027095,-0.004006207,0.534043206,0.538049413
waldm1sd05n10000,50,bt_est_on_out,0.032282022,0.036288229,15.19482767,14.66078447,15.16254565,14.62449624,0,0,0.108963227,0.108963227,-0.004006207,0.534043206,0.538049413
waldm1sd05n10000,50,bt_est_on_out,0.032282022,0.036288229,15.19482767,14.66078447,15.16254565,14.62449624,0,0,0.06764509,0.06764509,-0.004006207,0.534043206,0.538049413
waldm1sd05n10000,50,bt_est_on_out,0.032282022,0.036288229,15.19482767,14.66078447,15.16254565,14.62449624,0,0,0.074049733,0.074049733,-0.004006207,0.534043206,0.538049413
waldm1sd05n10000,50,bt_est_on_out,0.032282022,0.036288229,15.19482767,14.66078447,15.16254565,14.62449624,0,0,0.063616909,0.063616909,-0.004006207,0.534043206,0.538049413
waldm1sd05n10000,50,bt_est_on_out,0.032282022,0.036288229,15.19482767,14.66078447,15.16254565,14.62449624,0,0,0.104150426,0.104150426,-0.004006207,0.534043206,0.538049413
waldm1sd05n10000,50,bt_est_on_out,0.032282022,0.036288229,15.19482767,14.66078447,15.16254565,14.62449624,0,0,0.080505081,0.080505081,-0.004006207,0.534043206,0.538049413
waldm1sd05n10000,50,bt_est_on_out,0.032282022,0.036288229,15.19482767,14.66078447,15.16254565,14.62449624,0,0,0.088495026,0.088495026,-0.004006207,0.534043206,0.538049413
waldm1sd05n10000,50,bt_est_on_out,0.032282022,0.036288229,15.19482767,14.66078447,15.16254565,14.62449624,0,0,0.075971233,0.075971233,-0.004006207,0.534043206,0.538049413
waldm1sd05n10000,50,bt_est_on_out,0.032282022,0.036288229,15.19482767,14.66078447,15.16254565,14.62449624,0,0,0.052099865,0.052099865,-0.004006207,0.534043206,0.538049413
waldm1sd05n10000,50,bt_est_on_out,0.032282022,0.036288229,15.19482767,14.66078447,15.16254565,14.62449624,0,0,0.049860459,0.049860459,-0.004006207,0.534043206,0.538049413
waldm1sd05n10000,50,bt_est_on_out,0.032282022,0.036288229,15.19482767,14.66078447,15.16254565,14.62449624,0,0,0.060190225,0.060190225,-0.004006207,0.534043206,0.538049413
waldm1sd05n10000,50,bt_est_on_out,0.032282022,0.036288229,15.19482767,14.66078447,15.16254565,14.62449624,0,0,0.053108065,0.053108065,-0.004006207,0.534043206,0.538049413
waldm1sd05n10000,50,bt_est_on_out,0.032282022,0.036288229,15.19482767,14.66078447,15.16254565,14.62449624,0,0,0.056119718,0.056119718,-0.004006207,0.534043206,0.538049413
waldm1sd05n10000,50,bt_est_on_out,0.032282022,0.036288229,15.19482767,14.66078447,15.16254565,14.62449624,0,0,0.04657282,0.04657282,-0.004006207,0.534043206,0.538049413
waldm1sd05n10000,50,bt_est_on_out,0.032282022,0.036288229,15.19482767,14.66078447,15.16254565,14.62449624,0,0,0.068885177,0.068885177,-0.004006207,0.534043206,0.538049413
waldm1sd05n10000,50,bt_est_on_out,0.032282022,0.036288229,15.19482767,14.66078447,15.16254565,14.62449624,0,0,0.123481663,0.123481663,-0.004006207,0.534043206,0.538049413
waldm1sd05n10000,50,bt_est_on_out,0.032282022,0.036288229,15.19482767,15.10328063,15.16254565,15.0669924,44,0,0.065103565,0.065103565,-0.004006207,0.091547045,0.095553252
waldm1sd05n10000,50,bt_est_on_out,0.032282022,0.036288229,15.19482767,15.10328063,15.16254565,15.0669924,0,0,0.069553217,0.069553217,-0.004006207,0.091547045,0.095553252
waldm1sd05n10000,50,bt_est_on_out,0.032282022,0.036288229,15.19482767,15.10328063,15.16254565,15.0669924,0,0,0.071480721,0.071480721,-0.004006207,0.091547045,0.095553252
waldm1sd05n10000,50,bt_est_on_out,0.032282022,0.036288229,15.19482767,15.10328063,15.16254565,15.0669924,0,0,0.080518769,0.080518769,-0.004006207,0.091547045,0.095553252
waldm1sd05n10000,50,bt_est_on_out,0.032282022,0.036288229,15.19482767,15.10328063,15.16254565,15.0669924,0,0,0.053364338,0.053364338,-0.004006207,0.091547045,0.095553252
waldm1sd05n10000,50,bt_est_on_out,0.032282022,0.036288229,15.19482767,15.10328063,15.16254565,15.0669924,0,0,0.112505459,0.112505459,-0.004006207,0.091547045,0.095553252
waldm1sd05n10000,50,bt_est_on_out,0.032282022,0.036288229,15.19482767,15.10328063,15.16254565,15.0669924,0,0,0.09142503,0.09142503,-0.004006207,0.091547045,0.095553252
waldm1sd05n10000,50,bt_est_on_out,0.032282022,0.036288229,15.19482767,15.10328063,15.16254565,15.0669924,0,0,0.098499414,0.098499414,-0.004006207,0.091547045,0.095553252
waldm1sd05n10000,50,bt_est_on_out,0.032282022,0.036288229,15.19482767,15.10328063,15.16254565,15.0669924,0,0,0.084067986,0.084067986,-0.004006207,0.091547045,0.095553252
waldm1sd05n10000,50,bt_est_on_out,0.032282022,0.036288229,15.19482767,15.10328063,15.16254565,15.0669924,0,0,0.111544601,0.111544601,-0.004006207,0.091547045,0.095553252
waldm1sd05n10000,50,bt_est_on_out,0.032282022,0.036288229,15.19482767,15.10328063,15.16254565,15.0669924,0,0,0.059623258,0.059623258,-0.004006207,0.091547045,0.095553252
waldm1sd05n10000,50,bt_est_on_out,0.032282022,0.036288229,15.19482767,15.10328063,15.16254565,15.0669924,0,0,0.050031905,0.050031905,-0.004006207,0.091547045,0.095553252
waldm1sd05n10000,50,bt_est_on_out,0.032282022,0.036288229,15.19482767,15.10328063,15.16254565,15.0669924,0,0,0.089283121,0.089283121,-0.004006207,0.091547045,0.095553252
waldm1sd05n10000,50,bt_est_on_out,0.032282022,0.036288229,15.19482767,15.10328063,15.16254565,15.0669924,0,0,0.066588694,0.066588694,-0.004006207,0.091547045,0.095553252
waldm1sd05n10000,50,bt_est_on_out,0.032282022,0.036288229,15.19482767,15.10328063,15.16254565,15.0669924,0,0,0.086831456,0.086831456,-0.004006207,0.091547045,0.095553252
waldm1sd05n10000,50,bt_est_on_out,0.032282022,0.036288229,15.19482767,15.10328063,15.16254565,15.0669924,0,0,0.069129965,0.069129965,-0.004006207,0.091547045,0.095553252
waldm1sd05n10000,50,bt_est_on_out,0.032282022,0.036288229,15.19482767,15.10328063,15.16254565,15.0669924,0,0,0.069367353,0.069367353,-0.004006207,0.091547045,0.095553252
waldm1sd05n10000,50,bt_est_on_out,0.032282022,0.036288229,15.19482767,15.10328063,15.16254565,15.0669924,0,0,0.074063093,0.074063093,-0.004006207,0.091547045,0.095553252
waldm1sd05n10000,500,bt_est_on,0.032282022,0.033693153,15.19482767,14.19366974,15.16254565,14.15997659,440,0,0.036809662,0.036809662,-0.001411131,1.00115793,1.002569062
waldm1sd05n10000,500,bt_est_on,0.032282022,0.033693153,15.19482767,14.19366974,15.16254565,14.15997659,0,0,0.041686309,0.041686309,-0.001411131,1.00115793,1.002569062
waldm1sd05n10000,500,bt_est_on,0.032282022,0.033693153,15.19482767,14.19366974,15.16254565,14.15997659,0,0,0.041385193,0.041385193,-0.001411131,1.00115793,1.002569062
waldm1sd05n10000,500,bt_est_on,0.032282022,0.033693153,15.19482767,14.19366974,15.16254565,14.15997659,0,0,0.04657282,0.04657282,-0.001411131,1.00115793,1.002569062
waldm1sd05n10000,500,bt_est_on,0.032282022,-13.16629253,15.19482767,15.10328063,15.16254565,28.26957316,2,0,-13.16629253,-13.16629253,13.19857456,0.091547045,-13.10702751
waldm1sd05n10000,500,bt_est_on,0.032282022,-13.16629253,15.19482767,15.10328063,15.16254565,28.26957316,0,0,0.050031905,0.050031905,13.19857456,0.091547045,-13.10702751
waldm1sd05n10000,500,bt_est_onmm,0.032282022,0.036809662,15.19482767,14.19366974,15.16254565,14.15686008,440,0,0.036809662,0.036809662,-0.00452764,1.00115793,1.005685571
waldm1sd05n10000,500,bt_est_onmm,0.032282022,0.036809662,15.19482767,14.19366974,15.16254565,14.15686008,0,0,0.041686309,0.041686309,-0.00452764,1.00115793,1.005685571
waldm1sd05n10000,500,bt_est_onmm,0.032282022,0.036809662,15.19482767,14.19366974,15.16254565,14.15686008,0,0,0.041385193,0.041385193,-0.00452764,1.00115793,1.005685571
waldm1sd05n10000,500,bt_est_onmm,0.032282022,0.036809662,15.19482767,14.19366974,15.16254565,14.15686008,0,0,0.04657282,0.04657282,-0.00452764,1.00115793,1.005685571
waldm1sd05n10000,500,bt_est_onmm,0.032282022,-13.16629253,15.19482767,15.10328063,15.16254565,28.26957316,2,0,-13.16629253,-13.16629253,13.19857456,0.091547045,-13.10702751
waldm1sd05n10000,500,bt_est_onmm,0.032282022,-13.16629253,15.19482767,15.10328063,15.16254565,28.26957316,0,0,0.050031905,0.050031905,13.19857456,0.091547045,-13.10702751
waldm1sd05n10000,500,bt_est_trad,0.032282022,0.041013099,15.19482767,13.08704574,15.16254565,13.04603264,0,0,0.036809662,14.19366974,-0.008731078,2.107781936,2.116513013
waldm1sd05n10000,500,bt_est_trad,0.032282022,0.039405842,15.19482767,12.93559033,15.16254565,12.89618449,0,0,0.036809662,14.19366974,-0.00712382,2.259237342,2.266361162
waldm1sd05n10000,500,bt_est_trad,0.032282022,0.038694119,15.19482767,13.51777622,15.16254565,13.4790821,0,0,0.036809662,14.19366974,-0.006412097,1.677051456,1.683463554
waldm1sd05n10000,500,bt_est_trad,0.032282022,0.038877568,15.19482767,13.5809347,15.16254565,13.54205713,0,0,0.036809662,14.19366974,-0.006595546,1.613892972,1.620488518
waldm1sd05n10000,500,bt_est_trad,0.032282022,-11.29158459,15.19482767,14.92420533,15.16254565,26.21578992,0,0,-13.16629253,15.10328063,11.32386661,0.270622345,-11.05324427
waldm1sd05n10000,500,bt_est_trad,0.032282022,-11.08937301,15.19482767,14.91661307,15.16254565,26.00598608,0,0,-13.16629253,15.10328063,11.12165503,0.278214608,-10.84344043
waldm1sd05n10000,500,bt_est_on_out,0.032282022,0.036593223,15.19482767,14.19366974,15.16254565,14.15707652,440,0,0.036809662,0.036809662,-0.004311201,1.00115793,1.005469131
waldm1sd05n10000,500,bt_est_on_out,0.032282022,0.036593223,15.19482767,14.19366974,15.16254565,14.15707652,0,0,0.041686309,0.041686309,-0.004311201,1.00115793,1.005469131
waldm1sd05n10000,500,bt_est_on_out,0.032282022,0.036593223,15.19482767,14.19366974,15.16254565,14.15707652,0,0,0.041385193,0.041385193,-0.004311201,1.00115793,1.005469131
waldm1sd05n10000,500,bt_est_on_out,0.032282022,0.036593223,15.19482767,14.19366974,15.16254565,14.15707652,0,0,0.04657282,0.04657282,-0.004311201,1.00115793,1.005469131
waldm1sd05n10000,500,bt_est_on_out,0.032282022,0.036593223,15.19482767,15.10328063,15.16254565,15.06668741,416,0,0.053364338,0.053364338,-0.004311201,0.091547045,0.095858245
waldm1sd05n10000,500,bt_est_on_out,0.032282022,0.036593223,15.19482767,15.10328063,15.16254565,15.06668741,0,0,0.050031905,0.050031905,-0.004311201,0.091547045,0.095858245
waldm1sd2n10000,50,bt_est_on,0.109010084,0.254010083,12.83050123,2.588738127,12.72149115,2.334728044,10,3,0.255392038,0.255392038,-0.144999999,10.2417631,10.3867631
waldm1sd2n10000,50,bt_est_on,0.109010084,0.254010083,12.83050123,4.183839394,12.72149115,3.929829311,16,0,0.267793583,0.267793583,-0.144999999,8.646661837,8.791661835
waldm1sd2n10000,50,bt_est_on,0.109010084,0.222218351,12.83050123,4.183839394,12.72149115,3.961621042,20,0,0.222218351,0.222218351,-0.113208267,8.646661837,8.759870104
waldm1sd2n10000,50,bt_est_on,0.109010084,0.222218351,12.83050123,4.183839394,12.72149115,3.961621042,0,0,0.235018345,0.235018345,-0.113208267,8.646661837,8.759870104
waldm1sd2n10000,50,bt_est_on,0.109010084,0.187701026,12.83050123,4.183839394,12.72149115,3.996138368,16,0,0.189149263,0.189149263,-0.078690941,8.646661837,8.725352778
waldm1sd2n10000,50,bt_est_on,0.109010084,0.187701026,12.83050123,4.183839394,12.72149115,3.996138368,0,0,0.195481178,0.195481178,-0.078690941,8.646661837,8.725352778
waldm1sd2n10000,50,bt_est_on,0.109010084,0.187701026,12.83050123,4.416129231,12.72149115,4.228428206,18,0,0.31505003,0.31505003,-0.078690941,8.414371999,8.49306294
waldm1sd2n10000,50,bt_est_on,0.109010084,0.187701026,12.83050123,4.416129231,12.72149115,4.228428206,0,0,0.190951264,0.190951264,-0.078690941,8.414371999,8.49306294
waldm1sd2n10000,50,bt_est_on,0.109010084,0.187701026,12.83050123,4.416129231,12.72149115,4.228428206,0,0,0.226580852,0.226580852,-0.078690941,8.414371999,8.49306294
waldm1sd2n10000,50,bt_est_on,0.109010084,-6.250432743,12.83050123,8.762686513,12.72149115,15.01311926,2,0,-6.250432743,-6.250432743,6.359442827,4.067814717,-2.29162811
waldm1sd2n10000,50,bt_est_on,0.109010084,-6.250432743,12.83050123,8.762686513,12.72149115,15.01311926,0,0,0.27468397,0.27468397,6.359442827,4.067814717,-2.29162811
waldm1sd2n10000,50,bt_est_on,0.109010084,-6.250432743,12.83050123,8.762686513,12.72149115,15.01311926,0,0,0.219596424,0.219596424,6.359442827,4.067814717,-2.29162811
waldm1sd2n10000,50,bt_est_on,0.109010084,-6.250432743,12.83050123,8.762686513,12.72149115,15.01311926,0,0,0.348928507,0.348928507,6.359442827,4.067814717,-2.29162811
waldm1sd2n10000,50,bt_est_on,0.109010084,-6.250432743,12.83050123,8.762686513,12.72149115,15.01311926,0,0,0.275616161,0.275616161,6.359442827,4.067814717,-2.29162811
waldm1sd2n10000,50,bt_est_on,0.109010084,-6.250432743,12.83050123,8.762686513,12.72149115,15.01311926,0,0,0.237648456,0.237648456,6.359442827,4.067814717,-2.29162811
waldm1sd2n10000,50,bt_est_on,0.109010084,-6.250432743,12.83050123,8.762686513,12.72149115,15.01311926,0,0,0.150394292,0.150394292,6.359442827,4.067814717,-2.29162811
waldm1sd2n10000,50,bt_est_on,0.109010084,-6.250432743,12.83050123,8.762686513,12.72149115,15.01311926,0,0,0.198422302,0.198422302,6.359442827,4.067814717,-2.29162811
waldm1sd2n10000,50,bt_est_on,0.109010084,-6.250432743,12.83050123,8.762686513,12.72149115,15.01311926,0,0,0.181933542,0.181933542,6.359442827,4.067814717,-2.29162811
waldm1sd2n10000,50,bt_est_on,0.109010084,-6.250432743,12.83050123,8.762686513,12.72149115,15.01311926,0,0,0.179517625,0.179517625,6.359442827,4.067814717,-2.29162811
waldm1sd2n10000,50,bt_est_on,0.109010084,-6.250432743,12.83050123,8.762686513,12.72149115,15.01311926,0,0,0.286079852,0.286079852,6.359442827,4.067814717,-2.29162811
waldm1sd2n10000,50,bt_est_on,0.109010084,-6.250432743,12.83050123,8.762686513,12.72149115,15.01311926,0,0,0.286769443,0.286769443,6.359442827,4.067814717,-2.29162811
waldm1sd2n10000,50,bt_est_on,0.109010084,-6.250432743,12.83050123,8.762686513,12.72149115,15.01311926,0,0,0.254422037,0.254422037,6.359442827,4.067814717,-2.29162811
waldm1sd2n10000,50,bt_est_on,0.109010084,-6.250432743,12.83050123,8.762686513,12.72149115,15.01311926,0,0,0.14199194,0.14199194,6.359442827,4.067814717,-2.29162811
waldm1sd2n10000,50,bt_est_on,0.109010084,-6.250432743,12.83050123,8.762686513,12.72149115,15.01311926,0,0,0.187119771,0.187119771,6.359442827,4.067814717,-2.29162811
waldm1sd2n10000,50,bt_est_on,0.109010084,-6.250432743,12.83050123,8.762686513,12.72149115,15.01311926,0,0,0.231911948,0.231911948,6.359442827,4.067814717,-2.29162811
waldm1sd2n10000,50,bt_est_on,0.109010084,-6.250432743,12.83050123,8.762686513,12.72149115,15.01311926,0,0,0.22421263,0.22421263,6.359442827,4.067814717,-2.29162811
waldm1sd2n10000,50,bt_est_on,0.109010084,-6.250432743,12.83050123,8.762686513,12.72149115,15.01311926,0,0,0.130565148,0.130565148,6.359442827,4.067814717,-2.29162811
waldm1sd2n10000,50,bt_est_on,0.109010084,-6.250432743,12.83050123,8.762686513,12.72149115,15.01311926,0,0,0.208927793,0.208927793,6.359442827,4.067814717,-2.29162811
waldm1sd2n10000,50,bt_est_on,0.109010084,-6.250432743,12.83050123,8.762686513,12.72149115,15.01311926,0,0,0.207142391,0.207142391,6.359442827,4.067814717,-2.29162811
waldm1sd2n10000,50,bt_est_on,0.109010084,-6.250432743,12.83050123,8.762686513,12.72149115,15.01311926,0,0,0.255754773,0.255754773,6.359442827,4.067814717,-2.29162811
waldm1sd2n10000,50,bt_est_on,0.109010084,-6.250432743,12.83050123,8.762686513,12.72149115,15.01311926,0,0,0.25527288,0.25527288,6.359442827,4.067814717,-2.29162811
waldm1sd2n10000,50,bt_est_on,0.109010084,-6.250432743,12.83050123,8.762686513,12.72149115,15.01311926,0,0,0.245452838,0.245452838,6.359442827,4.067814717,-2.29162811
waldm1sd2n10000,50,bt_est_on,0.109010084,-6.250432743,12.83050123,8.762686513,12.72149115,15.01311926,0,0,0.127986768,0.127986768,6.359442827,4.067814717,-2.29162811
waldm1sd2n10000,50,bt_est_on,0.109010084,-6.250432743,12.83050123,8.762686513,12.72149115,15.01311926,0,0,0.270365044,0.270365044,6.359442827,4.067814717,-2.29162811
waldm1sd2n10000,50,bt_est_on,0.109010084,-6.250432743,12.83050123,8.762686513,12.72149115,15.01311926,0,0,0.132848613,0.132848613,6.359442827,4.067814717,-2.29162811
waldm1sd2n10000,50,bt_est_on,0.109010084,-6.250432743,12.83050123,8.762686513,12.72149115,15.01311926,0,0,0.212935038,0.212935038,6.359442827,4.067814717,-2.29162811
waldm1sd2n10000,50,bt_est_on,0.109010084,-6.250432743,12.83050123,8.762686513,12.72149115,15.01311926,0,0,0.163467371,0.163467371,6.359442827,4.067814717,-2.29162811
waldm1sd2n10000,50,bt_est_on,0.109010084,-6.250432743,12.83050123,8.762686513,12.72149115,15.01311926,0,0,0.225756281,0.225756281,6.359442827,4.067814717,-2.29162811
waldm1sd2n10000,50,bt_est_on,0.109010084,-6.250432743,12.83050123,8.762686513,12.72149115,15.01311926,0,0,0.332604522,0.332604522,6.359442827,4.067814717,-2.29162811
waldm1sd2n10000,50,bt_est_on,0.109010084,-6.250432743,12.83050123,8.762686513,12.72149115,15.01311926,0,0,0.221915454,0.221915454,6.359442827,4.067814717,-2.29162811
waldm1sd2n10000,50,bt_est_on,0.109010084,-6.250432743,12.83050123,8.762686513,12.72149115,15.01311926,0,0,0.154946913,0.154946913,6.359442827,4.067814717,-2.29162811
waldm1sd2n10000,50,bt_est_on,0.109010084,-6.250432743,12.83050123,8.762686513,12.72149115,15.01311926,0,0,0.192523559,0.192523559,6.359442827,4.067814717,-2.29162811
waldm1sd2n10000,50,bt_est_on,0.109010084,-6.250432743,12.83050123,8.762686513,12.72149115,15.01311926,0,0,0.158790449,0.158790449,6.359442827,4.067814717,-2.29162811
waldm1sd2n10000,50,bt_est_on,0.109010084,-6.250432743,12.83050123,8.762686513,12.72149115,15.01311926,0,0,0.274378856,0.274378856,6.359442827,4.067814717,-2.29162811
waldm1sd2n10000,50,bt_est_on,0.109010084,-6.250432743,12.83050123,8.762686513,12.72149115,15.01311926,0,0,0.20370402,0.20370402,6.359442827,4.067814717,-2.29162811
waldm1sd2n10000,50,bt_est_on,0.109010084,-6.250432743,12.83050123,8.762686513,12.72149115,15.01311926,0,0,0.280328587,0.280328587,6.359442827,4.067814717,-2.29162811
waldm1sd2n10000,50,bt_est_on,0.109010084,-6.250432743,12.83050123,8.762686513,12.72149115,15.01311926,0,0,0.231875184,0.231875184,6.359442827,4.067814717,-2.29162811
waldm1sd2n10000,50,bt_est_on,0.109010084,-6.250432743,12.83050123,8.762686513,12.72149115,15.01311926,0,0,0.247207656,0.247207656,6.359442827,4.067814717,-2.29162811
waldm1sd2n10000,50,bt_est_on,0.109010084,-6.250432743,12.83050123,8.762686513,12.72149115,15.01311926,0,0,0.200161684,0.200161684,6.359442827,4.067814717,-2.29162811
waldm1sd2n10000,50,bt_est_on,0.109010084,-6.250432743,12.83050123,8.762686513,12.72149115,15.01311926,0,0,0.2532806,0.2532806,6.359442827,4.067814717,-2.29162811
waldm1sd2n10000,50,bt_est_on,0.109010084,-6.250432743,12.83050123,8.762686513,12.72149115,15.01311926,0,0,0.230381791,0.230381791,6.359442827,4.067814717,-2.29162811
waldm1sd2n10000,50,bt_est_on,0.109010084,-6.250432743,12.83050123,8.762686513,12.72149115,15.01311926,0,0,0.269594223,0.269594223,6.359442827,4.067814717,-2.29162811
waldm1sd2n10000,50,bt_est_on,0.109010084,-6.250432743,12.83050123,8.762686513,12.72149115,15.01311926,0,0,0.259174823,0.259174823,6.359442827,4.067814717,-2.29162811
waldm1sd2n10000,50,bt_est_on,0.109010084,-6.250432743,12.83050123,8.762686513,12.72149115,15.01311926,0,0,0.158479468,0.158479468,6.359442827,4.067814717,-2.29162811
waldm1sd2n10000,50,bt_est_on,0.109010084,-6.250432743,12.83050123,8.762686513,12.72149115,15.01311926,0,0,0.251018322,0.251018322,6.359442827,4.067814717,-2.29162811
waldm1sd2n10000,50,bt_est_on,0.109010084,-6.250432743,12.83050123,8.762686513,12.72149115,15.01311926,0,0,0.305440021,0.305440021,6.359442827,4.067814717,-2.29162811
waldm1sd2n10000,50,bt_est_on,0.109010084,-6.250432743,12.83050123,8.762686513,12.72149115,15.01311926,0,0,0.181612372,0.181612372,6.359442827,4.067814717,-2.29162811
waldm1sd2n10000,50,bt_est_on,0.109010084,-6.250432743,12.83050123,8.762686513,12.72149115,15.01311926,0,0,0.206340683,0.206340683,6.359442827,4.067814717,-2.29162811
waldm1sd2n10000,50,bt_est_on,0.109010084,-6.250432743,12.83050123,8.762686513,12.72149115,15.01311926,0,0,0.167511447,0.167511447,6.359442827,4.067814717,-2.29162811
waldm1sd2n10000,50,bt_est_on,0.109010084,-6.250432743,12.83050123,8.762686513,12.72149115,15.01311926,0,0,0.234570295,0.234570295,6.359442827,4.067814717,-2.29162811
waldm1sd2n10000,50,bt_est_onmm,0.109010084,0.255392038,12.83050123,2.586460382,12.72149115,2.331068343,10,3,0.255392038,0.255392038,-0.146381954,10.24404085,10.3904228
waldm1sd2n10000,50,bt_est_onmm,0.109010084,0.255392038,12.83050123,2.586460382,12.72149115,2.331068343,9,0,0.267793583,0.267793583,-0.146381954,10.24404085,10.3904228
waldm1sd2n10000,50,bt_est_onmm,0.109010084,0.255392038,12.83050123,3.154389464,12.72149115,2.898997426,14,0,0.222218351,0.222218351,-0.146381954,9.676111766,9.82249372
waldm1sd2n10000,50,bt_est_onmm,0.109010084,0.255392038,12.83050123,3.154389464,12.72149115,2.898997426,18,0,0.235018345,0.235018345,-0.146381954,9.676111766,9.82249372
waldm1sd2n10000,50,bt_est_onmm,0.109010084,0.255392038,12.83050123,3.581011514,12.72149115,3.325619475,13,0,0.189149263,0.189149263,-0.146381954,9.249489717,9.395871671
waldm1sd2n10000,50,bt_est_onmm,0.109010084,0.255392038,12.83050123,3.581011514,12.72149115,3.325619475,21,0,0.195481178,0.195481178,-0.146381954,9.249489717,9.395871671
waldm1sd2n10000,50,bt_est_onmm,0.109010084,0.255392038,12.83050123,4.416129231,12.72149115,4.160737193,20,0,0.31505003,0.31505003,-0.146381954,8.414371999,8.560753953
waldm1sd2n10000,50,bt_est_onmm,0.109010084,0.255392038,12.83050123,4.416129231,12.72149115,4.160737193,23,0,0.190951264,0.190951264,-0.146381954,8.414371999,8.560753953
waldm1sd2n10000,50,bt_est_onmm,0.109010084,0.255392038,12.83050123,4.416129231,12.72149115,4.160737193,25,0,0.226580852,0.226580852,-0.146381954,8.414371999,8.560753953
waldm1sd2n10000,50,bt_est_onmm,0.109010084,0.255392038,12.83050123,8.762686513,12.72149115,8.507294474,39,0,-6.250432743,-6.250432743,-0.146381954,4.067814717,4.214196672
waldm1sd2n10000,50,bt_est_onmm,0.109010084,0.255392038,12.83050123,8.762686513,12.72149115,8.507294474,0,0,0.27468397,0.27468397,-0.146381954,4.067814717,4.214196672
waldm1sd2n10000,50,bt_est_onmm,0.109010084,0.219596424,12.83050123,8.762686513,12.72149115,8.543090089,40,0,0.219596424,0.219596424,-0.11058634,4.067814717,4.178401057
waldm1sd2n10000,50,bt_est_onmm,0.109010084,0.219596424,12.83050123,8.762686513,12.72149115,8.543090089,0,0,0.348928507,0.348928507,-0.11058634,4.067814717,4.178401057
waldm1sd2n10000,50,bt_est_onmm,0.109010084,0.219596424,12.83050123,8.762686513,12.72149115,8.543090089,0,0,0.275616161,0.275616161,-0.11058634,4.067814717,4.178401057
waldm1sd2n10000,50,bt_est_onmm,0.109010084,0.219596424,12.83050123,8.762686513,12.72149115,8.543090089,0,0,0.237648456,0.237648456,-0.11058634,4.067814717,4.178401057
waldm1sd2n10000,50,bt_est_onmm,0.109010084,0.150394292,12.83050123,8.762686513,12.72149115,8.61229222,37,0,0.150394292,0.150394292,-0.041384208,4.067814717,4.109198926
waldm1sd2n10000,50,bt_est_onmm,0.109010084,0.150394292,12.83050123,8.762686513,12.72149115,8.61229222,0,0,0.198422302,0.198422302,-0.041384208,4.067814717,4.109198926
waldm1sd2n10000,50,bt_est_onmm,0.109010084,0.150394292,12.83050123,8.762686513,12.72149115,8.61229222,0,0,0.181933542,0.181933542,-0.041384208,4.067814717,4.109198926
waldm1sd2n10000,50,bt_est_onmm,0.109010084,0.150394292,12.83050123,8.762686513,12.72149115,8.61229222,0,0,0.179517625,0.179517625,-0.041384208,4.067814717,4.109198926
waldm1sd2n10000,50,bt_est_onmm,0.109010084,0.150394292,12.83050123,8.762686513,12.72149115,8.61229222,0,0,0.286079852,0.286079852,-0.041384208,4.067814717,4.109198926
waldm1sd2n10000,50,bt_est_onmm,0.109010084,0.150394292,12.83050123,8.762686513,12.72149115,8.61229222,0,0,0.286769443,0.286769443,-0.041384208,4.067814717,4.109198926
waldm1sd2n10000,50,bt_est_onmm,0.109010084,0.150394292,12.83050123,8.762686513,12.72149115,8.61229222,0,0,0.254422037,0.254422037,-0.041384208,4.067814717,4.109198926
waldm1sd2n10000,50,bt_est_onmm,0.109010084,0.14199194,12.83050123,8.762686513,12.72149115,8.620694573,35,0,0.14199194,0.14199194,-0.032981856,4.067814717,4.100796573
waldm1sd2n10000,50,bt_est_onmm,0.109010084,0.14199194,12.83050123,8.762686513,12.72149115,8.620694573,0,0,0.187119771,0.187119771,-0.032981856,4.067814717,4.100796573
waldm1sd2n10000,50,bt_est_onmm,0.109010084,0.14199194,12.83050123,8.762686513,12.72149115,8.620694573,0,0,0.231911948,0.231911948,-0.032981856,4.067814717,4.100796573
waldm1sd2n10000,50,bt_est_onmm,0.109010084,0.14199194,12.83050123,8.762686513,12.72149115,8.620694573,0,0,0.22421263,0.22421263,-0.032981856,4.067814717,4.100796573
waldm1sd2n10000,50,bt_est_onmm,0.109010084,0.130565148,12.83050123,8.762686513,12.72149115,8.632121365,38,0,0.130565148,0.130565148,-0.021555064,4.067814717,4.089369781
waldm1sd2n10000,50,bt_est_onmm,0.109010084,0.130565148,12.83050123,8.762686513,12.72149115,8.632121365,0,0,0.208927793,0.208927793,-0.021555064,4.067814717,4.089369781
waldm1sd2n10000,50,bt_est_onmm,0.109010084,0.130565148,12.83050123,8.762686513,12.72149115,8.632121365,0,0,0.207142391,0.207142391,-0.021555064,4.067814717,4.089369781
waldm1sd2n10000,50,bt_est_onmm,0.109010084,0.130565148,12.83050123,8.762686513,12.72149115,8.632121365,0,0,0.255754773,0.255754773,-0.021555064,4.067814717,4.089369781
waldm1sd2n10000,50,bt_est_onmm,0.109010084,0.130565148,12.83050123,8.762686513,12.72149115,8.632121365,0,0,0.25527288,0.25527288,-0.021555064,4.067814717,4.089369781
waldm1sd2n10000,50,bt_est_onmm,0.109010084,0.130565148,12.83050123,8.762686513,12.72149115,8.632121365,0,0,0.245452838,0.245452838,-0.021555064,4.067814717,4.089369781
waldm1sd2n10000,50,bt_est_onmm,0.109010084,0.127986768,12.83050123,8.762686513,12.72149115,8.634699745,35,0,0.127986768,0.127986768,-0.018976684,4.067814717,4.086791401
waldm1sd2n10000,50,bt_est_onmm,0.109010084,0.127986768,12.83050123,8.762686513,12.72149115,8.634699745,0,0,0.270365044,0.270365044,-0.018976684,4.067814717,4.086791401
waldm1sd2n10000,50,bt_est_onmm,0.109010084,0.127986768,12.83050123,8.762686513,12.72149115,8.634699745,0,0,0.132848613,0.132848613,-0.018976684,4.067814717,4.086791401
waldm1sd2n10000,50,bt_est_onmm,0.109010084,0.127986768,12.83050123,8.762686513,12.72149115,8.634699745,0,0,0.212935038,0.212935038,-0.018976684,4.067814717,4.086791401
waldm1sd2n10000,50,bt_est_onmm,0.109010084,0.127986768,12.83050123,8.762686513,12.72149115,8.634699745,0,0,0.163467371,0.163467371,-0.018976684,4.067814717,4.086791401
waldm1sd2n10000,50,bt_est_onmm,0.109010084,0.127986768,12.83050123,8.762686513,12.72149115,8.634699745,0,0,0.225756281,0.225756281,-0.018976684,4.067814717,4.086791401
waldm1sd2n10000,50,bt_est_onmm,0.109010084,0.127986768,12.83050123,8.762686513,12.72149115,8.634699745,0,0,0.332604522,0.332604522,-0.018976684,4.067814717,4.086791401
waldm1sd2n10000,50,bt_est_onmm,0.109010084,0.127986768,12.83050123,8.762686513,12.72149115,8.634699745,0,0,0.221915454,0.221915454,-0.018976684,4.067814717,4.086791401
waldm1sd2n10000,50,bt_est_onmm,0.109010084,0.127986768,12.83050123,8.762686513,12.72149115,8.634699745,0,0,0.154946913,0.154946913,-0.018976684,4.067814717,4.086791401
waldm1sd2n10000,50,bt_est_onmm,0.109010084,0.127986768,12.83050123,8.762686513,12.72149115,8.634699745,0,0,0.192523559,0.192523559,-0.018976684,4.067814717,4.086791401
waldm1sd2n10000,50,bt_est_onmm,0.109010084,0.127986768,12.83050123,8.762686513,12.72149115,8.634699745,0,0,0.158790449,0.158790449,-0.018976684,4.067814717,4.086791401
waldm1sd2n10000,50,bt_est_onmm,0.109010084,0.127986768,12.83050123,8.762686513,12.72149115,8.634699745,0,0,0.274378856,0.274378856,-0.018976684,4.067814717,4.086791401
waldm1sd2n10000,50,bt_est_onmm,0.109010084,0.127986768,12.83050123,8.762686513,12.72149115,8.634699745,0,0,0.20370402,0.20370402,-0.018976684,4.067814717,4.086791401
waldm1sd2n10000,50,bt_est_onmm,0.109010084,0.127986768,12.83050123,8.762686513,12.72149115,8.634699745,0,0,0.280328587,0.280328587,-0.018976684,4.067814717,4.086791401
waldm1sd2n10000,50,bt_est_onmm,0.109010084,0.127986768,12.83050123,8.762686513,12.72149115,8.634699745,0,0,0.231875184,0.231875184,-0.018976684,4.067814717,4.086791401
waldm1sd2n10000,50,bt_est_onmm,0.109010084,0.127986768,12.83050123,8.762686513,12.72149115,8.634699745,0,0,0.247207656,0.247207656,-0.018976684,4.067814717,4.086791401
waldm1sd2n10000,50,bt_est_onmm,0.109010084,0.127986768,12.83050123,8.762686513,12.72149115,8.634699745,0,0,0.200161684,0.200161684,-0.018976684,4.067814717,4.086791401
waldm1sd2n10000,50,bt_est_onmm,0.109010084,0.127986768,12.83050123,8.762686513,12.72149115,8.634699745,0,0,0.2532806,0.2532806,-0.018976684,4.067814717,4.086791401
waldm1sd2n10000,50,bt_est_onmm,0.109010084,0.127986768,12.83050123,8.762686513,12.72149115,8.634699745,0,0,0.230381791,0.230381791,-0.018976684,4.067814717,4.086791401
waldm1sd2n10000,50,bt_est_onmm,0.109010084,0.127986768,12.83050123,8.762686513,12.72149115,8.634699745,0,0,0.269594223,0.269594223,-0.018976684,4.067814717,4.086791401
waldm1sd2n10000,50,bt_est_onmm,0.109010084,0.127986768,12.83050123,8.762686513,12.72149115,8.634699745,0,0,0.259174823,0.259174823,-0.018976684,4.067814717,4.086791401
waldm1sd2n10000,50,bt_est_onmm,0.109010084,0.127986768,12.83050123,8.762686513,12.72149115,8.634699745,0,0,0.158479468,0.158479468,-0.018976684,4.067814717,4.086791401
waldm1sd2n10000,50,bt_est_onmm,0.109010084,0.127986768,12.83050123,8.762686513,12.72149115,8.634699745,0,0,0.251018322,0.251018322,-0.018976684,4.067814717,4.086791401
waldm1sd2n10000,50,bt_est_onmm,0.109010084,0.127986768,12.83050123,8.762686513,12.72149115,8.634699745,0,0,0.305440021,0.305440021,-0.018976684,4.067814717,4.086791401
waldm1sd2n10000,50,bt_est_onmm,0.109010084,0.127986768,12.83050123,8.762686513,12.72149115,8.634699745,0,0,0.181612372,0.181612372,-0.018976684,4.067814717,4.086791401
waldm1sd2n10000,50,bt_est_onmm,0.109010084,0.127986768,12.83050123,8.762686513,12.72149115,8.634699745,0,0,0.206340683,0.206340683,-0.018976684,4.067814717,4.086791401
waldm1sd2n10000,50,bt_est_onmm,0.109010084,0.127986768,12.83050123,8.762686513,12.72149115,8.634699745,0,0,0.167511447,0.167511447,-0.018976684,4.067814717,4.086791401
waldm1sd2n10000,50,bt_est_onmm,0.109010084,0.127986768,12.83050123,8.762686513,12.72149115,8.634699745,0,0,0.234570295,0.234570295,-0.018976684,4.067814717,4.086791401
waldm1sd2n10000,50,bt_est_trad,0.109010084,0.289605111,12.83050123,2.512849636,12.72149115,2.223244525,0,0,0.255392038,2.586460382,-0.180595027,10.31765159,10.49824662
waldm1sd2n10000,50,bt_est_trad,0.109010084,0.269793947,12.83050123,3.785672862,12.72149115,3.515878915,0,0,0.255392038,4.183839394,-0.160783863,9.044828368,9.205612231
waldm1sd2n10000,50,bt_est_trad,0.109010084,0.228078948,12.83050123,3.799632368,12.72149115,3.57155342,0,0,0.222218351,4.183839394,-0.119068864,9.030868862,9.149937726
waldm1sd2n10000,50,bt_est_trad,0.109010084,0.226367331,12.83050123,3.823008301,12.72149115,3.59664097,0,0,0.222218351,4.183839394,-0.117357247,9.007492929,9.124850176
waldm1sd2n10000,50,bt_est_trad,0.109010084,0.19445788,12.83050123,3.936764376,12.72149115,3.742306496,0,0,0.189149263,4.183839394,-0.085447796,8.893736854,8.97918465
waldm1sd2n10000,50,bt_est_trad,0.109010084,0.192338567,12.83050123,3.940011153,12.72149115,3.747672586,0,0,0.189149263,4.183839394,-0.083328483,8.890490077,8.97381856
waldm1sd2n10000,50,bt_est_trad,0.109010084,0.191965566,12.83050123,4.276550624,12.72149115,4.084585058,0,0,0.189149263,4.416129231,-0.082955482,8.553950606,8.636906088
waldm1sd2n10000,50,bt_est_trad,0.109010084,0.190528281,12.83050123,4.263484302,12.72149115,4.072956021,0,0,0.189149263,4.416129231,-0.081518197,8.567016928,8.648535125
waldm1sd2n10000,50,bt_est_trad,0.109010084,0.190977123,12.83050123,4.282843611,12.72149115,4.091866488,0,0,0.189149263,4.416129231,-0.081967039,8.547657619,8.629624658
waldm1sd2n10000,50,bt_est_trad,0.109010084,-5.277459143,12.83050123,8.476689199,12.72149115,13.75414834,0,0,-6.250432743,8.762686513,5.386469227,4.353812032,-1.032657195
waldm1sd2n10000,50,bt_est_trad,0.109010084,-5.397146087,12.83050123,8.471716327,12.72149115,13.86886241,0,0,-6.250432743,8.762686513,5.506156171,4.358784903,-1.147371268
waldm1sd2n10000,50,bt_est_trad,0.109010084,-5.234467384,12.83050123,8.396079631,12.72149115,13.63054701,0,0,-6.250432743,8.762686513,5.343477468,4.4344216,-0.909055869
waldm1sd2n10000,50,bt_est_trad,0.109010084,-5.185654551,12.83050123,8.467558355,12.72149115,13.65321291,0,0,-6.250432743,8.762686513,5.294664635,4.362942875,-0.93172176
waldm1sd2n10000,50,bt_est_trad,0.109010084,-5.303796764,12.83050123,8.491644084,12.72149115,13.79544085,0,0,-6.250432743,8.762686513,5.412806848,4.338857146,-1.073949702
waldm1sd2n10000,50,bt_est_trad,0.109010084,-5.389392969,12.83050123,8.357724474,12.72149115,13.74711744,0,0,-6.250432743,8.762686513,5.498403053,4.472776757,-1.025626296
waldm1sd2n10000,50,bt_est_trad,0.109010084,-5.295779665,12.83050123,8.437286947,12.72149115,13.73306661,0,0,-6.250432743,8.762686513,5.404789749,4.393214284,-1.011575465
waldm1sd2n10000,50,bt_est_trad,0.109010084,-5.22555405,12.83050123,8.419172593,12.72149115,13.64472664,0,0,-6.250432743,8.762686513,5.334564134,4.411328637,-0.923235497
waldm1sd2n10000,50,bt_est_trad,0.109010084,-5.377665656,12.83050123,8.424317225,12.72149115,13.80198288,0,0,-6.250432743,8.762686513,5.48667574,4.406184006,-1.080491735
waldm1sd2n10000,50,bt_est_trad,0.109010084,-5.401203439,12.83050123,8.464902158,12.72149115,13.8661056,0,0,-6.250432743,8.762686513,5.510213523,4.365599072,-1.144614451
waldm1sd2n10000,50,bt_est_trad,0.109010084,-5.348128177,12.83050123,8.455990787,12.72149115,13.80411896,0,0,-6.250432743,8.762686513,5.457138261,4.374510443,-1.082627818
waldm1sd2n10000,50,bt_est_trad,0.109010084,-5.256549862,12.83050123,8.446761258,12.72149115,13.70331112,0,0,-6.250432743,8.762686513,5.365559946,4.383739972,-0.981819974
waldm1sd2n10000,50,bt_est_trad,0.109010084,-5.414349259,12.83050123,8.46008231,12.72149115,13.87443157,0,0,-6.250432743,8.762686513,5.523359343,4.37041892,-1.152940424
waldm1sd2n10000,50,bt_est_trad,0.109010084,-5.411566323,12.83050123,8.461070855,12.72149115,13.87263718,0,0,-6.250432743,8.762686513,5.520576407,4.369430375,-1.151146032
waldm1sd2n10000,50,bt_est_trad,0.109010084,-5.637956444,12.83050123,8.403270833,12.72149115,14.04122728,0,0,-6.250432743,8.762686513,5.746966528,4.427230397,-1.319736131
waldm1sd2n10000,50,bt_est_trad,0.109010084,-5.336937602,12.83050123,8.430646291,12.72149115,13.76758389,0,0,-6.250432743,8.762686513,5.445947686,4.399854939,-1.046092747
waldm1sd2n10000,50,bt_est_trad,0.109010084,-5.205894585,12.83050123,8.476981092,12.72149115,13.68287568,0,0,-6.250432743,8.762686513,5.314904669,4.353520138,-0.961384531
waldm1sd2n10000,50,bt_est_trad,0.109010084,-5.239735701,12.83050123,8.488497911,12.72149115,13.72823361,0,0,-6.250432743,8.762686513,5.348745785,4.34200332,-1.006742465
waldm1sd2n10000,50,bt_est_trad,0.109010084,-5.380742309,12.83050123,8.498105852,12.72149115,13.87884816,0,0,-6.250432743,8.762686513,5.489752393,4.332395378,-1.157357015
waldm1sd2n10000,50,bt_est_trad,0.109010084,-5.274447293,12.83050123,8.464940391,12.72149115,13.73938768,0,0,-6.250432743,8.762686513,5.383457377,4.365560839,-1.017896538
waldm1sd2n10000,50,bt_est_trad,0.109010084,-5.475701174,12.83050123,8.466623805,12.72149115,13.94232498,0,0,-6.250432743,8.762686513,5.584711258,4.363877425,-1.220833833
waldm1sd2n10000,50,bt_est_trad,0.109010084,-5.252268911,12.83050123,8.467790861,12.72149115,13.72005977,0,0,-6.250432743,8.762686513,5.361278995,4.362710369,-0.998568626
waldm1sd2n10000,50,bt_est_trad,0.109010084,-5.291738218,12.83050123,8.470525854,12.72149115,13.76226407,0,0,-6.250432743,8.762686513,5.400748302,4.359975376,-1.040772925
waldm1sd2n10000,50,bt_est_trad,0.109010084,-5.300335609,12.83050123,8.392370516,12.72149115,13.69270613,0,0,-6.250432743,8.762686513,5.409345694,4.438130714,-0.971214979
waldm1sd2n10000,50,bt_est_trad,0.109010084,-5.237385799,12.83050123,8.433815983,12.72149115,13.67120178,0,0,-6.250432743,8.762686513,5.346395883,4.396685247,-0.949710637
waldm1sd2n10000,50,bt_est_trad,0.109010084,-5.285334111,12.83050123,8.425205081,12.72149115,13.71053919,0,0,-6.250432743,8.762686513,5.394344195,4.405296149,-0.989048046
waldm1sd2n10000,50,bt_est_trad,0.109010084,-5.258288219,12.83050123,8.437707181,12.72149115,13.6959954,0,0,-6.250432743,8.762686513,5.367298303,4.392794049,-0.974504253
waldm1sd2n10000,50,bt_est_trad,0.109010084,-5.27217299,12.83050123,8.455333793,12.72149115,13.72750678,0,0,-6.250432743,8.762686513,5.381183074,4.375167437,-1.006015637
waldm1sd2n10000,50,bt_est_trad,0.109010084,-5.195620743,12.83050123,8.41583277,12.72149115,13.61145351,0,0,-6.250432743,8.762686513,5.304630827,4.41466846,-0.889962367
waldm1sd2n10000,50,bt_est_trad,0.109010084,-5.320014218,12.83050123,8.43504905,12.72149115,13.75506327,0,0,-6.250432743,8.762686513,5.429024302,4.39545218,-1.033572121
waldm1sd2n10000,50,bt_est_trad,0.109010084,-5.415856178,12.83050123,8.454512045,12.72149115,13.87036822,0,0,-6.250432743,8.762686513,5.524866262,4.375989185,-1.148877077
waldm1sd2n10000,50,bt_est_trad,0.109010084,-5.361984411,12.83050123,8.464113352,12.72149115,13.82609776,0,0,-6.250432743,8.762686513,5.470994495,4.366387878,-1.104606616
waldm1sd2n10000,50,bt_est_trad,0.109010084,-5.333939828,12.83050123,8.491069616,12.72149115,13.82500944,0,0,-6.250432743,8.762686513,5.442949912,4.339431614,-1.103518298
waldm1sd2n10000,50,bt_est_trad,0.109010084,-5.244761768,12.83050123,8.436163164,12.72149115,13.68092493,0,0,-6.250432743,8.762686513,5.353771852,4.394338067,-0.959433785
waldm1sd2n10000,50,bt_est_trad,0.109010084,-5.293857136,12.83050123,8.417305703,12.72149115,13.71116284,0,0,-6.250432743,8.762686513,5.40286722,4.413195527,-0.989671692
waldm1sd2n10000,50,bt_est_trad,0.109010084,-5.250932427,12.83050123,8.416019305,12.72149115,13.66695173,0,0,-6.250432743,8.762686513,5.359942511,4.414481925,-0.945460586
waldm1sd2n10000,50,bt_est_trad,0.109010084,-5.351066759,12.83050123,8.526231154,12.72149115,13.87729791,0,0,-6.250432743,8.762686513,5.460076843,4.304270076,-1.155806767
waldm1sd2n10000,50,bt_est_trad,0.109010084,-5.384788217,12.83050123,8.470942959,12.72149115,13.85573118,0,0,-6.250432743,8.762686513,5.493798301,4.359558271,-1.13424003
waldm1sd2n10000,50,bt_est_trad,0.109010084,-5.220515591,12.83050123,8.514106344,12.72149115,13.73462194,0,0,-6.250432743,8.762686513,5.329525675,4.316394886,-1.013130789
waldm1sd2n10000,50,bt_est_trad,0.109010084,-5.350966634,12.83050123,8.527578839,12.72149115,13.87854547,0,0,-6.250432743,8.762686513,5.459976718,4.302922391,-1.157054326
waldm1sd2n10000,50,bt_est_trad,0.109010084,-5.314797806,12.83050123,8.51193728,12.72149115,13.82673509,0,0,-6.250432743,8.762686513,5.42380789,4.318563951,-1.105243939
waldm1sd2n10000,50,bt_est_trad,0.109010084,-5.388613475,12.83050123,8.524938745,12.72149115,13.91355222,0,0,-6.250432743,8.762686513,5.497623559,4.305562485,-1.192061074
waldm1sd2n10000,50,bt_est_trad,0.109010084,-5.25397126,12.83050123,8.510881646,12.72149115,13.76485291,0,0,-6.250432743,8.762686513,5.362981344,4.319619584,-1.04336176
waldm1sd2n10000,50,bt_est_trad,0.109010084,-5.393827997,12.83050123,8.479932967,12.72149115,13.87376096,0,0,-6.250432743,8.762686513,5.502838081,4.350568263,-1.152269818
waldm1sd2n10000,50,bt_est_trad,0.109010084,-5.354614836,12.83050123,8.508825148,12.72149115,13.86343998,0,0,-6.250432743,8.762686513,5.46362492,4.321676082,-1.141948838
waldm1sd2n10000,50,bt_est_trad,0.109010084,-5.354611674,12.83050123,8.445086436,12.72149115,13.79969811,0,0,-6.250432743,8.762686513,5.463621758,4.385414795,-1.078206963
waldm1sd2n10000,50,bt_est_trad,0.109010084,-5.277170821,12.83050123,8.471687448,12.72149115,13.74885827,0,0,-6.250432743,8.762686513,5.386180905,4.358813782,-1.027367124
waldm1sd2n10000,50,bt_est_trad,0.109010084,-5.165451624,12.83050123,8.515394917,12.72149115,13.68084654,0,0,-6.250432743,8.762686513,5.274461708,4.315106313,-0.959355395
waldm1sd2n10000,50,bt_est_trad,0.109010084,-5.362985046,12.83050123,8.502801391,12.72149115,13.86578644,0,0,-6.250432743,8.762686513,5.47199513,4.327699839,-1.144295291
waldm1sd2n10000,50,bt_est_trad,0.109010084,-5.270079699,12.83050123,8.411921218,12.72149115,13.68200092,0,0,-6.250432743,8.762686513,5.379089783,4.418580012,-0.960509771
waldm1sd2n10000,50,bt_est_trad,0.109010084,-5.279382661,12.83050123,8.497113109,12.72149115,13.77649577,0,0,-6.250432743,8.762686513,5.388392745,4.333388121,-1.055004624
waldm1sd2n10000,50,bt_est_on_out,0.109010084,0.253598006,12.83050123,2.589152169,12.72149115,2.335554163,10,3,0.255392038,0.255392038,-0.144587922,10.24134906,10.38593698
waldm1sd2n10000,50,bt_est_on_out,0.109010084,0.253598006,12.83050123,4.183839394,12.72149115,3.930241388,16,0,0.267793583,0.267793583,-0.144587922,8.646661837,8.791249758
waldm1sd2n10000,50,bt_est_on_out,0.109010084,0.222218351,12.83050123,4.183839394,12.72149115,3.961621042,20,0,0.222218351,0.222218351,-0.113208267,8.646661837,8.759870104
waldm1sd2n10000,50,bt_est_on_out,0.109010084,0.222218351,12.83050123,4.183839394,12.72149115,3.961621042,0,0,0.235018345,0.235018345,-0.113208267,8.646661837,8.759870104
waldm1sd2n10000,50,bt_est_on_out,0.109010084,0.18913867,12.83050123,4.183839394,12.72149115,3.994700724,16,0,0.189149263,0.189149263,-0.080128585,8.646661837,8.726790422
waldm1sd2n10000,50,bt_est_on_out,0.109010084,0.18913867,12.83050123,4.183839394,12.72149115,3.994700724,0,0,0.195481178,0.195481178,-0.080128585,8.646661837,8.726790422
waldm1sd2n10000,50,bt_est_on_out,0.109010084,0.18913867,12.83050123,4.416129231,12.72149115,4.226990562,18,0,0.31505003,0.31505003,-0.080128585,8.414371999,8.494500584
waldm1sd2n10000,50,bt_est_on_out,0.109010084,0.18913867,12.83050123,4.416129231,12.72149115,4.226990562,0,0,0.190951264,0.190951264,-0.080128585,8.414371999,8.494500584
waldm1sd2n10000,50,bt_est_on_out,0.109010084,0.18913867,12.83050123,4.416129231,12.72149115,4.226990562,0,0,0.226580852,0.226580852,-0.080128585,8.414371999,8.494500584
waldm1sd2n10000,50,bt_est_on_out,0.109010084,-5.922562192,12.83050123,8.762686513,12.72149115,14.68524871,0,0,-5.922562192,-5.922562192,6.031572276,4.067814717,-1.963757559
waldm1sd2n10000,50,bt_est_on_out,0.109010084,-5.922562192,12.83050123,8.762686513,12.72149115,14.68524871,0,0,0.27468397,0.27468397,6.031572276,4.067814717,-1.963757559
waldm1sd2n10000,50,bt_est_on_out,0.109010084,-5.922562192,12.83050123,8.762686513,12.72149115,14.68524871,0,0,0.219596424,0.219596424,6.031572276,4.067814717,-1.963757559
waldm1sd2n10000,50,bt_est_on_out,0.109010084,-5.922562192,12.83050123,8.762686513,12.72149115,14.68524871,0,0,0.348928507,0.348928507,6.031572276,4.067814717,-1.963757559
waldm1sd2n10000,50,bt_est_on_out,0.109010084,-5.922562192,12.83050123,8.762686513,12.72149115,14.68524871,0,0,0.275616161,0.275616161,6.031572276,4.067814717,-1.963757559
waldm1sd2n10000,50,bt_est_on_out,0.109010084,-5.922562192,12.83050123,8.762686513,12.72149115,14.68524871,0,0,0.237648456,0.237648456,6.031572276,4.067814717,-1.963757559
waldm1sd2n10000,50,bt_est_on_out,0.109010084,-5.922562192,12.83050123,8.762686513,12.72149115,14.68524871,0,0,0.150394292,0.150394292,6.031572276,4.067814717,-1.963757559
waldm1sd2n10000,50,bt_est_on_out,0.109010084,-5.922562192,12.83050123,8.762686513,12.72149115,14.68524871,0,0,0.198422302,0.198422302,6.031572276,4.067814717,-1.963757559
waldm1sd2n10000,50,bt_est_on_out,0.109010084,-5.922562192,12.83050123,8.762686513,12.72149115,14.68524871,0,0,0.181933542,0.181933542,6.031572276,4.067814717,-1.963757559
waldm1sd2n10000,50,bt_est_on_out,0.109010084,-5.922562192,12.83050123,8.762686513,12.72149115,14.68524871,0,0,0.179517625,0.179517625,6.031572276,4.067814717,-1.963757559
waldm1sd2n10000,50,bt_est_on_out,0.109010084,-5.922562192,12.83050123,8.762686513,12.72149115,14.68524871,0,0,0.286079852,0.286079852,6.031572276,4.067814717,-1.963757559
waldm1sd2n10000,50,bt_est_on_out,0.109010084,-5.922562192,12.83050123,8.762686513,12.72149115,14.68524871,0,0,0.286769443,0.286769443,6.031572276,4.067814717,-1.963757559
waldm1sd2n10000,50,bt_est_on_out,0.109010084,-5.922562192,12.83050123,8.762686513,12.72149115,14.68524871,0,0,0.254422037,0.254422037,6.031572276,4.067814717,-1.963757559
waldm1sd2n10000,50,bt_est_on_out,0.109010084,-5.922562192,12.83050123,8.762686513,12.72149115,14.68524871,0,0,0.14199194,0.14199194,6.031572276,4.067814717,-1.963757559
waldm1sd2n10000,50,bt_est_on_out,0.109010084,-5.922562192,12.83050123,8.762686513,12.72149115,14.68524871,0,0,0.187119771,0.187119771,6.031572276,4.067814717,-1.963757559
waldm1sd2n10000,50,bt_est_on_out,0.109010084,-5.922562192,12.83050123,8.762686513,12.72149115,14.68524871,0,0,0.231911948,0.231911948,6.031572276,4.067814717,-1.963757559
waldm1sd2n10000,50,bt_est_on_out,0.109010084,-5.922562192,12.83050123,8.762686513,12.72149115,14.68524871,0,0,0.22421263,0.22421263,6.031572276,4.067814717,-1.963757559
waldm1sd2n10000,50,bt_est_on_out,0.109010084,-5.922562192,12.83050123,8.762686513,12.72149115,14.68524871,0,0,0.130565148,0.130565148,6.031572276,4.067814717,-1.963757559
waldm1sd2n10000,50,bt_est_on_out,0.109010084,-5.922562192,12.83050123,8.762686513,12.72149115,14.68524871,0,0,0.208927793,0.208927793,6.031572276,4.067814717,-1.963757559
waldm1sd2n10000,50,bt_est_on_out,0.109010084,-5.922562192,12.83050123,8.762686513,12.72149115,14.68524871,0,0,0.207142391,0.207142391,6.031572276,4.067814717,-1.963757559
waldm1sd2n10000,50,bt_est_on_out,0.109010084,-5.922562192,12.83050123,8.762686513,12.72149115,14.68524871,0,0,0.255754773,0.255754773,6.031572276,4.067814717,-1.963757559
waldm1sd2n10000,50,bt_est_on_out,0.109010084,-5.922562192,12.83050123,8.762686513,12.72149115,14.68524871,0,0,0.25527288,0.25527288,6.031572276,4.067814717,-1.963757559
waldm1sd2n10000,50,bt_est_on_out,0.109010084,-5.922562192,12.83050123,8.762686513,12.72149115,14.68524871,0,0,0.245452838,0.245452838,6.031572276,4.067814717,-1.963757559
waldm1sd2n10000,50,bt_est_on_out,0.109010084,-5.922562192,12.83050123,8.762686513,12.72149115,14.68524871,0,0,0.127986768,0.127986768,6.031572276,4.067814717,-1.963757559
waldm1sd2n10000,50,bt_est_on_out,0.109010084,-5.922562192,12.83050123,8.762686513,12.72149115,14.68524871,0,0,0.270365044,0.270365044,6.031572276,4.067814717,-1.963757559
waldm1sd2n10000,50,bt_est_on_out,0.109010084,-5.922562192,12.83050123,8.762686513,12.72149115,14.68524871,0,0,0.132848613,0.132848613,6.031572276,4.067814717,-1.963757559
waldm1sd2n10000,50,bt_est_on_out,0.109010084,-5.922562192,12.83050123,8.762686513,12.72149115,14.68524871,0,0,0.212935038,0.212935038,6.031572276,4.067814717,-1.963757559
waldm1sd2n10000,50,bt_est_on_out,0.109010084,-5.922562192,12.83050123,8.762686513,12.72149115,14.68524871,0,0,0.163467371,0.163467371,6.031572276,4.067814717,-1.963757559
waldm1sd2n10000,50,bt_est_on_out,0.109010084,-5.922562192,12.83050123,8.762686513,12.72149115,14.68524871,0,0,0.225756281,0.225756281,6.031572276,4.067814717,-1.963757559
waldm1sd2n10000,50,bt_est_on_out,0.109010084,-5.922562192,12.83050123,8.762686513,12.72149115,14.68524871,0,0,0.332604522,0.332604522,6.031572276,4.067814717,-1.963757559
waldm1sd2n10000,50,bt_est_on_out,0.109010084,-5.922562192,12.83050123,8.762686513,12.72149115,14.68524871,0,0,0.221915454,0.221915454,6.031572276,4.067814717,-1.963757559
waldm1sd2n10000,50,bt_est_on_out,0.109010084,-5.922562192,12.83050123,8.762686513,12.72149115,14.68524871,0,0,0.154946913,0.154946913,6.031572276,4.067814717,-1.963757559
waldm1sd2n10000,50,bt_est_on_out,0.109010084,-5.922562192,12.83050123,8.762686513,12.72149115,14.68524871,0,0,0.192523559,0.192523559,6.031572276,4.067814717,-1.963757559
waldm1sd2n10000,50,bt_est_on_out,0.109010084,-5.922562192,12.83050123,8.762686513,12.72149115,14.68524871,0,0,0.158790449,0.158790449,6.031572276,4.067814717,-1.963757559
waldm1sd2n10000,50,bt_est_on_out,0.109010084,-5.922562192,12.83050123,8.762686513,12.72149115,14.68524871,0,0,0.274378856,0.274378856,6.031572276,4.067814717,-1.963757559
waldm1sd2n10000,50,bt_est_on_out,0.109010084,-5.922562192,12.83050123,8.762686513,12.72149115,14.68524871,0,0,0.20370402,0.20370402,6.031572276,4.067814717,-1.963757559
waldm1sd2n10000,50,bt_est_on_out,0.109010084,-5.922562192,12.83050123,8.762686513,12.72149115,14.68524871,0,0,0.280328587,0.280328587,6.031572276,4.067814717,-1.963757559
waldm1sd2n10000,50,bt_est_on_out,0.109010084,-5.922562192,12.83050123,8.762686513,12.72149115,14.68524871,0,0,0.231875184,0.231875184,6.031572276,4.067814717,-1.963757559
waldm1sd2n10000,50,bt_est_on_out,0.109010084,-5.922562192,12.83050123,8.762686513,12.72149115,14.68524871,0,0,0.247207656,0.247207656,6.031572276,4.067814717,-1.963757559
waldm1sd2n10000,50,bt_est_on_out,0.109010084,-5.922562192,12.83050123,8.762686513,12.72149115,14.68524871,0,0,0.200161684,0.200161684,6.031572276,4.067814717,-1.963757559
waldm1sd2n10000,50,bt_est_on_out,0.109010084,-5.922562192,12.83050123,8.762686513,12.72149115,14.68524871,0,0,0.2532806,0.2532806,6.031572276,4.067814717,-1.963757559
waldm1sd2n10000,50,bt_est_on_out,0.109010084,-5.922562192,12.83050123,8.762686513,12.72149115,14.68524871,0,0,0.230381791,0.230381791,6.031572276,4.067814717,-1.963757559
waldm1sd2n10000,50,bt_est_on_out,0.109010084,-5.922562192,12.83050123,8.762686513,12.72149115,14.68524871,0,0,0.269594223,0.269594223,6.031572276,4.067814717,-1.963757559
waldm1sd2n10000,50,bt_est_on_out,0.109010084,-5.922562192,12.83050123,8.762686513,12.72149115,14.68524871,0,0,0.259174823,0.259174823,6.031572276,4.067814717,-1.963757559
waldm1sd2n10000,50,bt_est_on_out,0.109010084,-5.922562192,12.83050123,8.762686513,12.72149115,14.68524871,0,0,0.158479468,0.158479468,6.031572276,4.067814717,-1.963757559
waldm1sd2n10000,50,bt_est_on_out,0.109010084,-5.922562192,12.83050123,8.762686513,12.72149115,14.68524871,0,0,0.251018322,0.251018322,6.031572276,4.067814717,-1.963757559
waldm1sd2n10000,50,bt_est_on_out,0.109010084,-5.922562192,12.83050123,8.762686513,12.72149115,14.68524871,0,0,0.305440021,0.305440021,6.031572276,4.067814717,-1.963757559
waldm1sd2n10000,50,bt_est_on_out,0.109010084,-5.922562192,12.83050123,8.762686513,12.72149115,14.68524871,0,0,0.181612372,0.181612372,6.031572276,4.067814717,-1.963757559
waldm1sd2n10000,50,bt_est_on_out,0.109010084,-5.922562192,12.83050123,8.762686513,12.72149115,14.68524871,0,0,0.206340683,0.206340683,6.031572276,4.067814717,-1.963757559
waldm1sd2n10000,50,bt_est_on_out,0.109010084,-5.922562192,12.83050123,8.762686513,12.72149115,14.68524871,0,0,0.167511447,0.167511447,6.031572276,4.067814717,-1.963757559
waldm1sd2n10000,50,bt_est_on_out,0.109010084,-5.922562192,12.83050123,8.762686513,12.72149115,14.68524871,0,0,0.234570295,0.234570295,6.031572276,4.067814717,-1.963757559
waldm1sd2n10000,500,bt_est_on,0.109010084,0.179483619,12.83050123,4.416129231,12.72149115,4.236645612,203,0,0.180997903,0.180997903,-0.070473535,8.414371999,8.484845534
waldm1sd2n10000,500,bt_est_on,0.109010084,0.149901909,12.83050123,4.436342947,12.72149115,4.286441037,193,3,0.150394292,0.150394292,-0.040891825,8.394158283,8.435050109
waldm1sd2n10000,500,bt_est_on,0.109010084,0.130454074,12.83050123,4.53078085,12.72149115,4.400326776,194,0,0.130565148,0.130565148,-0.02144399,8.29972038,8.32116437
waldm1sd2n10000,500,bt_est_on,0.109010084,0.127735746,12.83050123,4.53078085,12.72149115,4.403045105,222,0,0.127986768,0.127986768,-0.018725662,8.29972038,8.318446041
waldm1sd2n10000,500,bt_est_on,0.109010084,-6.250432743,12.83050123,8.762686513,12.72149115,15.01311926,0,0,-6.250432743,-6.250432743,6.359442827,4.067814717,-2.29162811
waldm1sd2n10000,500,bt_est_on,0.109010084,-6.250432743,12.83050123,8.762686513,12.72149115,15.01311926,0,0,0.158479468,0.158479468,6.359442827,4.067814717,-2.29162811
waldm1sd2n10000,500,bt_est_onmm,0.109010084,0.180997903,12.83050123,4.416129231,12.72149115,4.235131328,203,0,0.180997903,0.180997903,-0.071987819,8.414371999,8.486359818
waldm1sd2n10000,500,bt_est_onmm,0.109010084,0.180997903,12.83050123,4.416129231,12.72149115,4.235131328,200,0,0.150394292,0.150394292,-0.071987819,8.414371999,8.486359818
waldm1sd2n10000,500,bt_est_onmm,0.109010084,0.180997903,12.83050123,4.53078085,12.72149115,4.349782947,215,0,0.130565148,0.130565148,-0.071987819,8.29972038,8.371708199
waldm1sd2n10000,500,bt_est_onmm,0.109010084,0.180997903,12.83050123,4.53078085,12.72149115,4.349782947,230,0,0.127986768,0.127986768,-0.071987819,8.29972038,8.371708199
waldm1sd2n10000,500,bt_est_onmm,0.109010084,0.180997903,12.83050123,8.762686513,12.72149115,8.58168861,375,0,-6.250432743,-6.250432743,-0.071987819,4.067814717,4.139802536
waldm1sd2n10000,500,bt_est_onmm,0.109010084,0.180997903,12.83050123,8.762686513,12.72149115,8.58168861,375,0,0.158479468,0.158479468,-0.071987819,4.067814717,4.139802536
waldm1sd2n10000,500,bt_est_trad,0.109010084,0.184462703,12.83050123,4.270712943,12.72149115,4.086250239,0,0,0.180997903,4.416129231,-0.075452619,8.559788287,8.635240907
waldm1sd2n10000,500,bt_est_trad,0.109010084,0.159366978,12.83050123,4.387027201,12.72149115,4.227660222,0,0,0.150394292,4.427576081,-0.050356894,8.443474029,8.493830924
waldm1sd2n10000,500,bt_est_trad,0.109010084,0.137154514,12.83050123,4.48057033,12.72149115,4.343415815,0,0,0.130565148,4.53078085,-0.02814443,8.3499309,8.378075331
waldm1sd2n10000,500,bt_est_trad,0.109010084,0.129846254,12.83050123,4.478818377,12.72149115,4.348972123,0,0,0.127986768,4.53078085,-0.02083617,8.351682853,8.372519023
waldm1sd2n10000,500,bt_est_trad,0.109010084,-5.346965529,12.83050123,8.530952536,12.72149115,13.87791806,0,0,-6.250432743,8.762686513,5.455975613,4.299548695,-1.156426919
waldm1sd2n10000,500,bt_est_trad,0.109010084,-5.268181057,12.83050123,8.517706517,12.72149115,13.78588757,0,0,-6.250432743,8.762686513,5.377191141,4.312794713,-1.064396427
waldm1sd2n10000,500,bt_est_on_out,0.109010084,0.180773634,12.83050123,4.416129231,12.72149115,4.235355597,203,0,0.180997903,0.180997903,-0.07176355,8.414371999,8.486135549
waldm1sd2n10000,500,bt_est_on_out,0.109010084,0.150276386,12.83050123,4.430656568,12.72149115,4.280380183,193,3,0.150394292,0.150394292,-0.041266302,8.399844662,8.441110963
waldm1sd2n10000,500,bt_est_on_out,0.109010084,0.130019871,12.83050123,4.53078085,12.72149115,4.400760979,194,0,0.130565148,0.130565148,-0.021009787,8.29972038,8.320730167
waldm1sd2n10000,500,bt_est_on_out,0.109010084,0.127007752,12.83050123,4.53078085,12.72149115,4.403773099,222,0,0.127986768,0.127986768,-0.017997668,8.29972038,8.317718047
waldm1sd2n10000,500,bt_est_on_out,0.109010084,0.127007752,12.83050123,8.762686513,12.72149115,8.635678761,369,0,0.154946913,0.154946913,-0.017997668,4.067814717,4.085812385
waldm1sd2n10000,500,bt_est_on_out,0.109010084,0.127007752,12.83050123,8.762686513,12.72149115,8.635678761,0,0,0.158479468,0.158479468,-0.017997668,4.067814717,4.085812385