chunk_far_pct,detect_pct,arl_0,arl_1,dataset,method,semantics,C,k,D
100.0,97.87234042553192,0.0,1.0217391304347827,AI4I 2020,Baseline Shewhart Chart,PER-FEATURE,5,100,5
100.0,98.93617021276596,0.0,1.010752688172043,AI4I 2020,Baseline Shewhart Chart,TOTAL,5,100,5
100.0,100.0,0.0,1.0,AI4I 2020,Baseline EWMA Chart,PER-FEATURE,5,100,5
100.0,100.0,0.0,1.0,AI4I 2020,Baseline EWMA Chart,TOTAL,5,100,5
0.0,21.27659574468085,6.0,2.6,AI4I 2020,Baseline Full-History Bootstrap,PER-FEATURE,5,100,5
0.0,35.1063829787234,6.0,2.1515151515151514,AI4I 2020,Baseline Full-History Bootstrap,TOTAL,5,100,5
66.66666666666666,52.12765957446809,0.5,1.7346938775510203,AI4I 2020,Proposed RBULT-SPC,PER-FEATURE,5,100,5
66.66666666666666,90.42553191489363,0.5,1.0823529411764705,AI4I 2020,Proposed RBULT-SPC,TOTAL,5,100,5
,0.0,0.0,,Industrial Pump,Baseline Shewhart Chart,PER-FEATURE,10,200,5
,0.0,0.0,,Industrial Pump,Baseline Shewhart Chart,TOTAL,10,200,5
,0.0,0.0,,Industrial Pump,Baseline EWMA Chart,PER-FEATURE,10,200,5
,0.0,0.0,,Industrial Pump,Baseline EWMA Chart,TOTAL,10,200,5
,0.0,0.0,,Industrial Pump,Baseline Full-History Bootstrap,PER-FEATURE,10,200,5
,60.0,0.0,1.6666666666666667,Industrial Pump,Baseline Full-History Bootstrap,TOTAL,10,200,5
,0.0,0.0,,Industrial Pump,Proposed RBULT-SPC,PER-FEATURE,10,200,5
,8.0,0.0,11.75,Industrial Pump,Proposed RBULT-SPC,TOTAL,10,200,5
99.50617283950616,100.0,0.004962779156327543,1.0,Water Pump,Baseline Shewhart Chart,PER-FEATURE,25,500,10
99.75308641975309,100.0,0.0024752475247524753,1.0,Water Pump,Baseline Shewhart Chart,TOTAL,25,500,10
100.0,100.0,0.0,1.0,Water Pump,Baseline EWMA Chart,PER-FEATURE,25,500,10
100.0,100.0,0.0,1.0,Water Pump,Baseline EWMA Chart,TOTAL,25,500,10
32.592592592592595,72.22222222222221,2.0526315789473686,1.1538461538461537,Water Pump,Baseline Full-History Bootstrap,PER-FEATURE,25,500,10
43.7037037037037,72.22222222222221,1.2881355932203389,1.1538461538461537,Water Pump,Baseline Full-History Bootstrap,TOTAL,25,500,10
29.38271604938272,16.666666666666664,2.3833333333333333,3.6666666666666665,Water Pump,Proposed RBULT-SPC,PER-FEATURE,25,500,10
29.876543209876544,16.666666666666664,2.3278688524590163,3.6666666666666665,Water Pump,Proposed RBULT-SPC,TOTAL,25,500,10
99.46018893387314,100.0,0.005427408412483039,1.0,MetroPT-3,Baseline Shewhart Chart,PER-FEATURE,50,1000,7
99.79757085020243,100.0,0.002028397565922921,1.0,MetroPT-3,Baseline Shewhart Chart,TOTAL,50,1000,7
100.0,100.0,0.0,1.0,MetroPT-3,Baseline EWMA Chart,PER-FEATURE,50,1000,7
100.0,100.0,0.0,1.0,MetroPT-3,Baseline EWMA Chart,TOTAL,50,1000,7
8.232118758434549,57.14285714285714,11.05691056910569,1.55,MetroPT-3,Baseline Full-History Bootstrap,PER-FEATURE,50,1000,7
43.45479082321187,62.857142857142854,1.2992248062015503,1.4090909090909092,MetroPT-3,Baseline Full-History Bootstrap,TOTAL,50,1000,7
25.236167341430498,11.428571428571429,2.9546666666666668,5.25,MetroPT-3,Proposed RBULT-SPC,PER-FEATURE,50,1000,7
86.5047233468286,14.285714285714285,0.15600624024961,4.2,MetroPT-3,Proposed RBULT-SPC,TOTAL,50,1000,7
0.0,79.92446252178965,38.0,1.242457288258815,TEP Mode 1,Baseline Shewhart Chart,PER-FEATURE,25,500,34
55.26315789473685,91.5746658919233,0.8095238095238095,1.0891497461928934,TEP Mode 1,Baseline Shewhart Chart,TOTAL,25,500,34
100.0,100.0,0.0,1.0,TEP Mode 1,Baseline EWMA Chart,PER-FEATURE,25,500,34
100.0,100.0,0.0,1.0,TEP Mode 1,Baseline EWMA Chart,TOTAL,25,500,34
0.0,0.0,38.0,,TEP Mode 1,Baseline Sliding-Window Bootstrap (W=2000),PER-FEATURE,25,500,34
76.31578947368422,94.42184776292854,0.3,1.0578461538461539,TEP Mode 1,Baseline Sliding-Window Bootstrap (W=2000),TOTAL,25,500,34
0.0,68.65194654270773,38.0,1.4396953025814643,TEP Mode 1,Proposed RBULT-SPC,PER-FEATURE,25,500,34
28.947368421052634,84.28239395700174,2.25,1.1816614960358498,TEP Mode 1,Proposed RBULT-SPC,TOTAL,25,500,34
100.0,99.38953488372093,0.0,1.0061421468265574,TEP Mode 3,Baseline Shewhart Chart,PER-FEATURE,25,500,34
100.0,100.0,0.0,1.0,TEP Mode 3,Baseline Shewhart Chart,TOTAL,25,500,34
100.0,100.0,0.0,1.0,TEP Mode 3,Baseline EWMA Chart,PER-FEATURE,25,500,34
100.0,100.0,0.0,1.0,TEP Mode 3,Baseline EWMA Chart,TOTAL,25,500,34
0.0,0.0,39.0,,TEP Mode 3,Baseline Sliding-Window Bootstrap (W=2000),PER-FEATURE,25,500,34
84.61538461538461,97.73255813953489,0.18181818181818182,1.021713265913147,TEP Mode 3,Baseline Sliding-Window Bootstrap (W=2000),TOTAL,25,500,34
100.0,98.98255813953489,0.0,1.0099853157121879,TEP Mode 3,Proposed RBULT-SPC,PER-FEATURE,25,500,34
100.0,100.0,0.0,1.0,TEP Mode 3,Proposed RBULT-SPC,TOTAL,25,500,34
4.878048780487805,85.75213423609067,13.0,1.1630621352557502,TEP Mode 4,Baseline Shewhart Chart,PER-FEATURE,25,500,34
39.02439024390244,93.46482190167795,1.5625,1.0686614173228346,TEP Mode 4,Baseline Shewhart Chart,TOTAL,25,500,34
100.0,100.0,0.0,1.0,TEP Mode 4,Baseline EWMA Chart,PER-FEATURE,25,500,34
100.0,100.0,0.0,1.0,TEP Mode 4,Baseline EWMA Chart,TOTAL,25,500,34
0.0,0.0,41.0,,TEP Mode 4,Baseline Sliding-Window Bootstrap (W=2000),PER-FEATURE,25,500,34
65.85365853658537,90.40329702678834,0.5185185185185185,1.1045262129599478,TEP Mode 4,Baseline Sliding-Window Bootstrap (W=2000),TOTAL,25,500,34
0.0,62.73182219605534,41.0,1.5748474894415767,TEP Mode 4,Proposed RBULT-SPC,PER-FEATURE,25,500,34
4.878048780487805,73.56491021489549,13.0,1.3509403761504601,TEP Mode 4,Proposed RBULT-SPC,TOTAL,25,500,34
90.9090909090909,99.47306791569088,0.1,1.0052972336668629,TEP Mode 5,Baseline Shewhart Chart,PER-FEATURE,25,500,34
100.0,99.94145199063233,0.0,1.0005858230814295,TEP Mode 5,Baseline Shewhart Chart,TOTAL,25,500,34
100.0,100.0,0.0,1.0,TEP Mode 5,Baseline EWMA Chart,PER-FEATURE,25,500,34
100.0,100.0,0.0,1.0,TEP Mode 5,Baseline EWMA Chart,TOTAL,25,500,34
0.0,0.0,44.0,,TEP Mode 5,Baseline Sliding-Window Bootstrap (W=2000),PER-FEATURE,25,500,34
75.0,94.26229508196722,0.3235294117647059,1.0593167701863353,TEP Mode 5,Baseline Sliding-Window Bootstrap (W=2000),TOTAL,25,500,34
11.363636363636363,63.40749414519906,6.5,1.5535549399815327,TEP Mode 5,Proposed RBULT-SPC,PER-FEATURE,25,500,34
27.27272727272727,81.8208430913349,2.4615384615384617,1.2153846153846153,TEP Mode 5,Proposed RBULT-SPC,TOTAL,25,500,34
