dataset,n_samples,n_features,chunk_size,total_chunks,c_thresh,method,overall_coverage_pct,peak_memory_kb,avg_latency_ms,total_time_sec,sample_far_pct,chunk_far_pct,arl_0,arl_1,total_ooc_chunks,ooc_chunk_rate,joint_coverage_pct,joint_far_pct,fwer_adjusted_alpha_dim,key
AI4I 2020,10000,5,100,100,3,Baseline Shewhart Chart,69.448,0.2265625,0.0739432799999928,0.0092008750000001,30.552000000000007,100.0,0.0,1.0217391304347827,98,0.98,,,,ai4i
AI4I 2020,10000,5,100,100,5,Baseline Shewhart Chart,69.448,0.2265625,0.0739432799999928,0.0092008750000001,30.552000000000007,100.0,0.0,1.0217391304347827,98,0.98,,,,ai4i
AI4I 2020,10000,5,100,100,7,Baseline Shewhart Chart,69.448,0.2265625,0.0739432799999928,0.0092008750000001,30.552000000000007,100.0,0.0,1.0217391304347827,98,0.98,,,,ai4i
AI4I 2020,10000,5,100,100,10,Baseline Shewhart Chart,69.448,0.2265625,0.0739432799999928,0.0092008750000001,30.552000000000007,100.0,0.0,1.0217391304347827,98,0.98,,,,ai4i
AI4I 2020,10000,5,100,100,3,Baseline EWMA Chart,62.57,0.453125,0.1754941599999959,0.0187344579999999,37.43,100.0,0.0,1.0,100,1.0,,,,ai4i
AI4I 2020,10000,5,100,100,5,Baseline EWMA Chart,62.57,0.453125,0.1754941599999959,0.0187344579999999,37.43,100.0,0.0,1.0,100,1.0,,,,ai4i
AI4I 2020,10000,5,100,100,7,Baseline EWMA Chart,62.57,0.453125,0.1754941599999959,0.0187344579999999,37.43,100.0,0.0,1.0,100,1.0,,,,ai4i
AI4I 2020,10000,5,100,100,10,Baseline EWMA Chart,62.57,0.453125,0.1754941599999959,0.0187344579999999,37.43,100.0,0.0,1.0,100,1.0,,,,ai4i
AI4I 2020,10000,5,100,100,3,Baseline Full-History Bootstrap,98.812,413.78125,0.9359645099999911,0.0952349999999999,1.1880000000000024,0.0,6.0,2.2903225806451615,31,0.31,,,,ai4i
AI4I 2020,10000,5,100,100,5,Baseline Full-History Bootstrap,98.812,413.78125,0.9359645099999911,0.0952349999999999,1.1880000000000024,0.0,6.0,2.6,20,0.2,,,,ai4i
AI4I 2020,10000,5,100,100,7,Baseline Full-History Bootstrap,98.812,413.78125,0.9359645099999911,0.0952349999999999,1.1880000000000024,0.0,6.0,3.466666666666667,15,0.15,,,,ai4i
AI4I 2020,10000,5,100,100,10,Baseline Full-History Bootstrap,98.812,413.78125,0.9359645099999911,0.0952349999999999,1.1880000000000024,0.0,6.0,4.7272727272727275,11,0.11,,,,ai4i
AI4I 2020,10000,5,100,100,3,Proposed RBULT-SPC,98.384,0.515625,40.00046581000003,4.002520208,1.6159999999999997,66.66666666666666,0.5,1.123456790123457,85,0.85,94.14,5.859999999999999,0.01,ai4i
AI4I 2020,10000,5,100,100,5,Proposed RBULT-SPC,98.384,0.515625,40.00046581000003,4.002520208,1.6159999999999997,66.66666666666666,0.5,1.7346938775510203,53,0.53,94.14,5.859999999999999,0.01,ai4i
AI4I 2020,10000,5,100,100,7,Proposed RBULT-SPC,98.384,0.515625,40.00046581000003,4.002520208,1.6159999999999997,33.33333333333333,2.0,3.941176470588235,19,0.19,94.14,5.859999999999999,0.01,ai4i
AI4I 2020,10000,5,100,100,10,Proposed RBULT-SPC,98.384,0.515625,40.00046581000003,4.002520208,1.6159999999999997,0.0,6.0,6.5,6,0.06,94.14,5.859999999999999,0.01,ai4i
MetroPT-3,1516948,7,1000,1517,3,Baseline Shewhart Chart,77.68312238973067,0.3515625,0.1253252920237381,0.212844333,22.31687761026933,99.79757085020243,0.0020283975659229,1.0,1514,0.998022412656559,,,,metropt3
MetroPT-3,1516948,7,1000,1517,5,Baseline Shewhart Chart,77.68312238973067,0.3515625,0.1253252920237381,0.212844333,22.31687761026933,99.79757085020243,0.0020283975659229,1.0,1514,0.998022412656559,,,,metropt3
MetroPT-3,1516948,7,1000,1517,7,Baseline Shewhart Chart,77.68312238973067,0.3515625,0.1253252920237381,0.212844333,22.31687761026933,99.79757085020243,0.0020283975659229,1.0,1514,0.998022412656559,,,,metropt3
MetroPT-3,1516948,7,1000,1517,10,Baseline Shewhart Chart,77.68312238973067,0.3515625,0.1253252920237381,0.212844333,22.31687761026933,99.79757085020243,0.0020283975659229,1.0,1514,0.998022412656559,,,,metropt3
MetroPT-3,1516948,7,1000,1517,3,Baseline EWMA Chart,51.00834043091786,0.703125,1.0606372234673709,1.632378542,48.99165956908214,100.0,0.0,1.0,1517,1.0,,,,metropt3
MetroPT-3,1516948,7,1000,1517,5,Baseline EWMA Chart,51.00834043091786,0.703125,1.0606372234673709,1.632378542,48.99165956908214,100.0,0.0,1.0,1517,1.0,,,,metropt3
MetroPT-3,1516948,7,1000,1517,7,Baseline EWMA Chart,51.00834043091786,0.703125,1.0606372234673709,1.632378542,48.99165956908214,100.0,0.0,1.0,1517,1.0,,,,metropt3
MetroPT-3,1516948,7,1000,1517,10,Baseline EWMA Chart,51.00834043091786,0.703125,1.0606372234673709,1.632378542,48.99165956908214,100.0,0.0,1.0,1517,1.0,,,,metropt3
MetroPT-3,1516948,7,1000,1517,3,Baseline Full-History Bootstrap,98.76003848328544,90932.703125,169.448723955834,257.34002820899997,1.2399615167145726,96.82860998650472,0.0327526132404181,1.4,1460,0.962425840474621,,,,metropt3
MetroPT-3,1516948,7,1000,1517,5,Baseline Full-History Bootstrap,98.76003848328544,90932.703125,169.448723955834,257.34002820899997,1.2399615167145726,96.76113360323887,0.0334728033472803,1.4,1459,0.961766644693474,,,,metropt3
MetroPT-3,1516948,7,1000,1517,7,Baseline Full-History Bootstrap,98.76003848328544,90932.703125,169.448723955834,257.34002820899997,1.2399615167145726,96.693657219973,0.0341939986043265,1.4,1458,0.9611074489123268,,,,metropt3
MetroPT-3,1516948,7,1000,1517,10,Baseline Full-History Bootstrap,98.76003848328544,90932.703125,169.448723955834,257.34002820899997,1.2399615167145726,96.42375168690958,0.0370888733379986,1.4,1454,0.958470665787739,,,,metropt3
MetroPT-3,1516948,7,1000,1517,3,Proposed RBULT-SPC,98.8954042684955,0.703125,5.2291245530644845,7.979801708000025,1.104595731504503,95.6140350877193,0.0458715596330275,3.125,1425,0.939353988134476,94.8880251663208,5.111974833679199,0.0071428571428571,metropt3
MetroPT-3,1516948,7,1000,1517,5,Proposed RBULT-SPC,98.8954042684955,0.703125,5.2291245530644845,7.979801708000025,1.104595731504503,95.54655870445345,0.0466101694915254,3.125,1424,0.938694792353329,94.8880251663208,5.111974833679199,0.0071428571428571,metropt3
MetroPT-3,1516948,7,1000,1517,7,Proposed RBULT-SPC,98.8954042684955,0.703125,5.2291245530644845,7.979801708000025,1.104595731504503,95.41160593792172,0.048090523338048,3.125,1422,0.9373764007910348,94.8880251663208,5.111974833679199,0.0071428571428571,metropt3
MetroPT-3,1516948,7,1000,1517,10,Proposed RBULT-SPC,98.8954042684955,0.703125,5.2291245530644845,7.979801708000025,1.104595731504503,95.27665317139,0.0495750708215297,3.125,1420,0.9360580092287408,94.8880251663208,5.111974833679199,0.0071428571428571,metropt3
Industrial Pump,20000,5,200,100,3,Baseline Shewhart Chart,100.0,0.2265625,0.0782265799999915,0.00970775,0.0,0.0,0.0,1.0,0,0.0,,,,pump
Industrial Pump,20000,5,200,100,5,Baseline Shewhart Chart,100.0,0.2265625,0.0782265799999915,0.00970775,0.0,0.0,0.0,1.0,0,0.0,,,,pump
Industrial Pump,20000,5,200,100,7,Baseline Shewhart Chart,100.0,0.2265625,0.0782265799999915,0.00970775,0.0,0.0,0.0,1.0,0,0.0,,,,pump
Industrial Pump,20000,5,200,100,10,Baseline Shewhart Chart,100.0,0.2265625,0.0782265799999915,0.00970775,0.0,0.0,0.0,1.0,0,0.0,,,,pump
Industrial Pump,20000,5,200,100,3,Baseline EWMA Chart,99.912,0.453125,0.1950166499999905,0.020863375,0.0879999999999938,0.0,0.0,12.25,8,0.08,,,,pump
Industrial Pump,20000,5,200,100,5,Baseline EWMA Chart,99.912,0.453125,0.1950166499999905,0.020863375,0.0879999999999938,0.0,0.0,32.666666666666664,3,0.03,,,,pump
Industrial Pump,20000,5,200,100,7,Baseline EWMA Chart,99.912,0.453125,0.1950166499999905,0.020863375,0.0879999999999938,0.0,0.0,46.0,1,0.01,,,,pump
Industrial Pump,20000,5,200,100,10,Baseline EWMA Chart,99.912,0.453125,0.1950166499999905,0.020863375,0.0879999999999938,0.0,0.0,1.0,0,0.0,,,,pump
Industrial Pump,20000,5,200,100,3,Baseline Full-History Bootstrap,98.955,826.90625,2.04802121999998,0.207952916,1.0450000000000017,0.0,0.0,1.0,100,1.0,,,,pump
Industrial Pump,20000,5,200,100,5,Baseline Full-History Bootstrap,98.955,826.90625,2.04802121999998,0.207952916,1.0450000000000017,0.0,0.0,1.020408163265306,98,0.98,,,,pump
Industrial Pump,20000,5,200,100,7,Baseline Full-History Bootstrap,98.955,826.90625,2.04802121999998,0.207952916,1.0450000000000017,0.0,0.0,1.098901098901099,91,0.91,,,,pump
Industrial Pump,20000,5,200,100,10,Baseline Full-History Bootstrap,98.955,826.90625,2.04802121999998,0.207952916,1.0450000000000017,0.0,0.0,1.6666666666666667,60,0.6,,,,pump
Industrial Pump,20000,5,200,100,3,Proposed RBULT-SPC,99.41,0.515625,15.891269549999976,1.5918898329999998,0.5900000000000034,0.0,0.0,1.4492753623188406,69,0.69,97.07,2.9299999999999926,0.01,pump
Industrial Pump,20000,5,200,100,5,Proposed RBULT-SPC,99.41,0.515625,15.891269549999976,1.5918898329999998,0.5900000000000034,0.0,0.0,8.181818181818182,11,0.11,97.07,2.9299999999999926,0.01,pump
Industrial Pump,20000,5,200,100,7,Proposed RBULT-SPC,99.41,0.515625,15.891269549999976,1.5918898329999998,0.5900000000000034,0.0,0.0,79.0,1,0.01,97.07,2.9299999999999926,0.01,pump
Industrial Pump,20000,5,200,100,10,Proposed RBULT-SPC,99.41,0.515625,15.891269549999976,1.5918898329999998,0.5900000000000034,0.0,0.0,1.0,0,0.0,97.07,2.9299999999999926,0.01,pump
Water Pump,220320,10,500,441,3,Baseline Shewhart Chart,51.056054829339146,0.3515625,0.1778587142857059,0.0911755409999997,48.943945170660854,100.0,0.0,1.0,441,1.0,,,,waterpump
Water Pump,220320,10,500,441,5,Baseline Shewhart Chart,51.056054829339146,0.3515625,0.1778587142857059,0.0911755409999997,48.943945170660854,100.0,0.0,1.0,441,1.0,,,,waterpump
Water Pump,220320,10,500,441,7,Baseline Shewhart Chart,51.056054829339146,0.3515625,0.1778587142857059,0.0911755409999997,48.943945170660854,100.0,0.0,1.0,441,1.0,,,,waterpump
Water Pump,220320,10,500,441,10,Baseline Shewhart Chart,51.056054829339146,0.3515625,0.1778587142857059,0.0911755409999997,48.943945170660854,100.0,0.0,1.0,441,1.0,,,,waterpump
Water Pump,220320,10,500,441,3,Baseline EWMA Chart,25.649645969498913,0.703125,0.9225682154194992,0.4254629159999998,74.35035403050108,100.0,0.0,1.0,441,1.0,,,,waterpump
Water Pump,220320,10,500,441,5,Baseline EWMA Chart,25.649645969498913,0.703125,0.9225682154194992,0.4254629159999998,74.35035403050108,100.0,0.0,1.0,441,1.0,,,,waterpump
Water Pump,220320,10,500,441,7,Baseline EWMA Chart,25.649645969498913,0.703125,0.9225682154194992,0.4254629159999998,74.35035403050108,100.0,0.0,1.0,441,1.0,,,,waterpump
Water Pump,220320,10,500,441,10,Baseline EWMA Chart,25.649645969498913,0.703125,0.9225682154194992,0.4254629159999998,74.35035403050108,100.0,0.0,1.0,441,1.0,,,,waterpump
Water Pump,220320,10,500,441,3,Baseline Full-History Bootstrap,98.62903957879448,17667.1484375,31.237808394557845,13.868037291,1.3709604212055098,81.23456790123457,0.2310030395136778,1.0,363,0.8231292517006803,,,,waterpump
Water Pump,220320,10,500,441,5,Baseline Full-History Bootstrap,98.62903957879448,17667.1484375,31.237808394557845,13.868037291,1.3709604212055098,76.29629629629629,0.3106796116504854,1.1724137931034482,338,0.7664399092970522,,,,waterpump
Water Pump,220320,10,500,441,7,Baseline Full-History Bootstrap,98.62903957879448,17667.1484375,31.237808394557845,13.868037291,1.3709604212055098,71.60493827160494,0.396551724137931,1.1724137931034482,319,0.7233560090702947,,,,waterpump
Water Pump,220320,10,500,441,10,Baseline Full-History Bootstrap,98.62903957879448,17667.1484375,31.237808394557845,13.868037291,1.3709604212055098,63.456790123456784,0.5758754863813229,1.1724137931034482,286,0.6485260770975056,,,,waterpump
Water Pump,220320,10,500,441,3,Proposed RBULT-SPC,99.9546568627451,0.984375,26.98799894784572,11.921258875000005,0.0453431372549033,47.65432098765432,1.092783505154639,2.4,203,0.4603174603174603,99.54974582425564,0.4502541757443623,0.005,waterpump
Water Pump,220320,10,500,441,5,Proposed RBULT-SPC,99.9546568627451,0.984375,26.98799894784572,11.921258875000005,0.0453431372549033,42.71604938271605,1.3333333333333333,2.4,183,0.4149659863945578,99.54974582425564,0.4502541757443623,0.005,waterpump
Water Pump,220320,10,500,441,7,Proposed RBULT-SPC,99.9546568627451,0.984375,26.98799894784572,11.921258875000005,0.0453431372549033,39.25925925925926,1.5375,2.4,169,0.3832199546485261,99.54974582425564,0.4502541757443623,0.005,waterpump
Water Pump,220320,10,500,441,10,Proposed RBULT-SPC,99.9546568627451,0.984375,26.98799894784572,11.921258875000005,0.0453431372549033,36.79012345679013,1.7066666666666668,2.6666666666666665,158,0.3582766439909297,99.54974582425564,0.4502541757443623,0.005,waterpump
TEP Mode 1,1740000,34,500,3480,3,Baseline Shewhart Chart,91.1942494929006,1.1484375,0.6876645060344778,2.469817292,8.80575050709939,100.0,0.0,1.0,3480,1.0,,,,tep1
TEP Mode 1,1740000,34,500,3480,5,Baseline Shewhart Chart,91.1942494929006,1.1484375,0.6876645060344778,2.469817292,8.80575050709939,100.0,0.0,1.0,3480,1.0,,,,tep1
TEP Mode 1,1740000,34,500,3480,7,Baseline Shewhart Chart,91.1942494929006,1.1484375,0.6876645060344778,2.469817292,8.80575050709939,100.0,0.0,1.000290613193839,3479,0.9997126436781608,,,,tep1
TEP Mode 1,1740000,34,500,3480,10,Baseline Shewhart Chart,91.1942494929006,1.1484375,0.6876645060344778,2.469817292,8.80575050709939,100.0,0.0,1.003206062372486,3469,0.99683908045977,,,,tep1
TEP Mode 1,1740000,34,500,3480,3,Baseline EWMA Chart,81.78938979039891,2.296875,3.3099222416666647,11.609421417,18.21061020960109,100.0,0.0,1.0,3480,1.0,,,,tep1
TEP Mode 1,1740000,34,500,3480,5,Baseline EWMA Chart,81.78938979039891,2.296875,3.3099222416666647,11.609421417,18.21061020960109,100.0,0.0,1.0,3480,1.0,,,,tep1
TEP Mode 1,1740000,34,500,3480,7,Baseline EWMA Chart,81.78938979039891,2.296875,3.3099222416666647,11.609421417,18.21061020960109,100.0,0.0,1.0,3480,1.0,,,,tep1
TEP Mode 1,1740000,34,500,3480,10,Baseline EWMA Chart,81.78938979039891,2.296875,3.3099222416666647,11.609421417,18.21061020960109,100.0,0.0,1.0,3480,1.0,,,,tep1
TEP Mode 1,1740000,34,500,3480,3,Baseline Sliding-Window Bootstrap (W=2000),99.0195892494929,582.8671875,5.029510239942488,17.662686,0.9804107505071044,100.0,0.0,1.0,3480,1.0,,,,tep1
TEP Mode 1,1740000,34,500,3480,5,Baseline Sliding-Window Bootstrap (W=2000),99.0195892494929,582.8671875,5.029510239942488,17.662686,0.9804107505071044,100.0,0.0,1.0,3480,1.0,,,,tep1
TEP Mode 1,1740000,34,500,3480,7,Baseline Sliding-Window Bootstrap (W=2000),99.0195892494929,582.8671875,5.029510239942488,17.662686,0.9804107505071044,100.0,0.0,1.0011634671320535,3476,0.9988505747126436,,,,tep1
TEP Mode 1,1740000,34,500,3480,10,Baseline Sliding-Window Bootstrap (W=2000),99.0195892494929,582.8671875,5.029510239942488,17.662686,0.9804107505071044,100.0,0.0,1.003791192767571,3467,0.996264367816092,,,,tep1
TEP Mode 1,1740000,34,500,3480,3,Proposed RBULT-SPC,96.7386680189317,3.234375,9.648126161206886,33.74481733300001,3.2613319810682952,100.0,0.0,1.0008723466123872,3477,0.9991379310344828,61.374770114942535,38.625229885057465,0.0014705882352941,tep1
TEP Mode 1,1740000,34,500,3480,5,Proposed RBULT-SPC,96.7386680189317,3.234375,9.648126161206886,33.74481733300001,3.2613319810682952,97.36842105263158,0.027027027027027,1.0073163593795726,3454,0.992528735632184,61.374770114942535,38.625229885057465,0.0014705882352941,tep1
TEP Mode 1,1740000,34,500,3480,7,Proposed RBULT-SPC,96.7386680189317,3.234375,9.648126161206886,33.74481733300001,3.2613319810682952,68.42105263157895,0.4615384615384615,1.0604938271604938,3266,0.9385057471264368,61.374770114942535,38.625229885057465,0.0014705882352941,tep1
TEP Mode 1,1740000,34,500,3480,10,Proposed RBULT-SPC,96.7386680189317,3.234375,9.648126161206886,33.74481733300001,3.2613319810682952,23.684210526315788,2.9,1.2141084721729882,2830,0.8132183908045977,61.374770114942535,38.625229885057465,0.0014705882352941,tep1
TEP Mode 3,1739400,34,500,3479,3,Baseline Shewhart Chart,80.8019093805166,1.1484375,0.6848287295199845,2.4592892079999995,19.198090619483395,100.0,0.0,1.0,3479,1.0,,,,tep3
TEP Mode 3,1739400,34,500,3479,5,Baseline Shewhart Chart,80.8019093805166,1.1484375,0.6848287295199845,2.4592892079999995,19.198090619483395,100.0,0.0,1.0,3479,1.0,,,,tep3
TEP Mode 3,1739400,34,500,3479,7,Baseline Shewhart Chart,80.8019093805166,1.1484375,0.6848287295199845,2.4592892079999995,19.198090619483395,100.0,0.0,1.0,3479,1.0,,,,tep3
TEP Mode 3,1739400,34,500,3479,10,Baseline Shewhart Chart,80.8019093805166,1.1484375,0.6848287295199845,2.4592892079999995,19.198090619483395,100.0,0.0,1.0,3479,1.0,,,,tep3
TEP Mode 3,1739400,34,500,3479,3,Baseline EWMA Chart,60.9909214806999,2.296875,3.2556407875826454,11.420867625,39.0090785193001,100.0,0.0,1.0,3479,1.0,,,,tep3
TEP Mode 3,1739400,34,500,3479,5,Baseline EWMA Chart,60.9909214806999,2.296875,3.2556407875826454,11.420867625,39.0090785193001,100.0,0.0,1.0,3479,1.0,,,,tep3
TEP Mode 3,1739400,34,500,3479,7,Baseline EWMA Chart,60.9909214806999,2.296875,3.2556407875826454,11.420867625,39.0090785193001,100.0,0.0,1.0,3479,1.0,,,,tep3
TEP Mode 3,1739400,34,500,3479,10,Baseline EWMA Chart,60.9909214806999,2.296875,3.2556407875826454,11.420867625,39.0090785193001,100.0,0.0,1.0,3479,1.0,,,,tep3
TEP Mode 3,1739400,34,500,3479,3,Baseline Sliding-Window Bootstrap (W=2000),99.00766829670812,582.8671875,5.054321378557081,17.739990375000005,0.9923317032918676,100.0,0.0,1.0,3479,1.0,,,,tep3
TEP Mode 3,1739400,34,500,3479,5,Baseline Sliding-Window Bootstrap (W=2000),99.00766829670812,582.8671875,5.054321378557081,17.739990375000005,0.9923317032918676,100.0,0.0,1.0,3479,1.0,,,,tep3
TEP Mode 3,1739400,34,500,3479,7,Baseline Sliding-Window Bootstrap (W=2000),99.00766829670812,582.8671875,5.054321378557081,17.739990375000005,0.9923317032918676,100.0,0.0,1.0002907822041291,3478,0.9997125610807704,,,,tep3
TEP Mode 3,1739400,34,500,3479,10,Baseline Sliding-Window Bootstrap (W=2000),99.00766829670812,582.8671875,5.054321378557081,17.739990375000005,0.9923317032918676,97.43589743589745,0.0263157894736842,1.0005817335660268,3476,0.999137683242311,,,,tep3
TEP Mode 3,1739400,34,500,3479,3,Proposed RBULT-SPC,93.7187738841656,3.234375,9.819840304110404,34.334577166,6.2812261158344,100.0,0.0,1.0,3479,1.0,25.07013912843509,74.92986087156491,0.0014705882352941,tep3
TEP Mode 3,1739400,34,500,3479,5,Proposed RBULT-SPC,93.7187738841656,3.234375,9.819840304110404,34.334577166,6.2812261158344,100.0,0.0,1.0,3479,1.0,25.07013912843509,74.92986087156491,0.0014705882352941,tep3
TEP Mode 3,1739400,34,500,3479,7,Proposed RBULT-SPC,93.7187738841656,3.234375,9.819840304110404,34.334577166,6.2812261158344,100.0,0.0,1.00379451255108,3465,0.9959758551307848,25.07013912843509,74.92986087156491,0.0014705882352941,tep3
TEP Mode 3,1739400,34,500,3479,10,Proposed RBULT-SPC,93.7187738841656,3.234375,9.819840304110404,34.334577166,6.2812261158344,100.0,0.0,1.007617931438617,3452,0.992239149180799,25.07013912843509,74.92986087156491,0.0014705882352941,tep3
TEP Mode 4,1719000,34,500,3438,3,Baseline Shewhart Chart,84.72102282448756,1.1484375,0.6180560823153001,2.1897853329999997,15.278977175512438,100.0,0.0,1.0,3438,1.0,,,,tep4
TEP Mode 4,1719000,34,500,3438,5,Baseline Shewhart Chart,84.72102282448756,1.1484375,0.6180560823153001,2.1897853329999997,15.278977175512438,100.0,0.0,1.0,3438,1.0,,,,tep4
TEP Mode 4,1719000,34,500,3438,7,Baseline Shewhart Chart,84.72102282448756,1.1484375,0.6180560823153001,2.1897853329999997,15.278977175512438,100.0,0.0,1.0,3438,1.0,,,,tep4
TEP Mode 4,1719000,34,500,3438,10,Baseline Shewhart Chart,84.72102282448756,1.1484375,0.6180560823153001,2.1897853329999997,15.278977175512438,97.5609756097561,0.025,1.0017693895606017,3431,0.9979639325189064,,,,tep4
TEP Mode 4,1719000,34,500,3438,3,Baseline EWMA Chart,69.33264551894057,2.296875,2.9683014880744505,10.289866792,30.667354481059434,100.0,0.0,1.0,3438,1.0,,,,tep4
TEP Mode 4,1719000,34,500,3438,5,Baseline EWMA Chart,69.33264551894057,2.296875,2.9683014880744505,10.289866792,30.667354481059434,100.0,0.0,1.0,3438,1.0,,,,tep4
TEP Mode 4,1719000,34,500,3438,7,Baseline EWMA Chart,69.33264551894057,2.296875,2.9683014880744505,10.289866792,30.667354481059434,100.0,0.0,1.0,3438,1.0,,,,tep4
TEP Mode 4,1719000,34,500,3438,10,Baseline EWMA Chart,69.33264551894057,2.296875,2.9683014880744505,10.289866792,30.667354481059434,100.0,0.0,1.0,3438,1.0,,,,tep4
TEP Mode 4,1719000,34,500,3438,3,Baseline Sliding-Window Bootstrap (W=2000),99.00933511275365,582.8671875,4.528286701861516,15.723557292,0.9906648872463536,100.0,0.0,1.0002944640753828,3437,0.9997091332169866,,,,tep4
TEP Mode 4,1719000,34,500,3438,5,Baseline Sliding-Window Bootstrap (W=2000),99.00933511275365,582.8671875,4.528286701861516,15.723557292,0.9906648872463536,100.0,0.0,1.001178897730622,3434,0.9988365328679464,,,,tep4
TEP Mode 4,1719000,34,500,3438,7,Baseline Sliding-Window Bootstrap (W=2000),99.00933511275365,582.8671875,4.528286701861516,15.723557292,0.9906648872463536,97.5609756097561,0.025,1.0071153276015417,3413,0.9927283304246656,,,,tep4
TEP Mode 4,1719000,34,500,3438,10,Baseline Sliding-Window Bootstrap (W=2000),99.00933511275365,582.8671875,4.528286701861516,15.723557292,0.9906648872463536,95.1219512195122,0.0512820512820512,1.0235081374321882,3357,0.9764397905759162,,,,tep4
TEP Mode 4,1719000,34,500,3438,3,Proposed RBULT-SPC,96.66493857577936,3.234375,12.664385312390932,43.735953042000006,3.3350614242206547,92.6829268292683,0.0789473684210526,1.008313539192399,3406,0.9906922629435718,65.25951134380453,34.74048865619547,0.0014705882352941,tep4
TEP Mode 4,1719000,34,500,3438,5,Proposed RBULT-SPC,96.66493857577936,3.234375,12.664385312390932,43.735953042000006,3.3350614242206547,36.58536585365854,1.7333333333333334,1.1414617716402828,2984,0.8679464805119256,65.25951134380453,34.74048865619547,0.0014705882352941,tep4
TEP Mode 4,1719000,34,500,3438,7,Proposed RBULT-SPC,96.66493857577936,3.234375,12.664385312390932,43.735953042000006,3.3350614242206547,12.195121951219512,6.0,1.2884395268981306,2626,0.7638161721931356,65.25951134380453,34.74048865619547,0.0014705882352941,tep4
TEP Mode 4,1719000,34,500,3438,10,Proposed RBULT-SPC,96.66493857577936,3.234375,12.664385312390932,43.735953042000006,3.3350614242206547,0.0,41.0,1.3827868852459015,2440,0.7097149505526469,65.25951134380453,34.74048865619547,0.0014705882352941,tep4
TEP Mode 5,1729800,34,500,3460,3,Baseline Shewhart Chart,85.14649602470193,1.1484375,0.6273025141618501,2.235846625,14.853503975298068,100.0,0.0,1.0,3460,1.0,,,,tep5
TEP Mode 5,1729800,34,500,3460,5,Baseline Shewhart Chart,85.14649602470193,1.1484375,0.6273025141618501,2.235846625,14.853503975298068,100.0,0.0,1.0,3460,1.0,,,,tep5
TEP Mode 5,1729800,34,500,3460,7,Baseline Shewhart Chart,85.14649602470193,1.1484375,0.6273025141618501,2.235846625,14.853503975298068,100.0,0.0,1.0,3460,1.0,,,,tep5
TEP Mode 5,1729800,34,500,3460,10,Baseline Shewhart Chart,85.14649602470193,1.1484375,0.6273025141618501,2.235846625,14.853503975298068,100.0,0.0,1.0,3460,1.0,,,,tep5
TEP Mode 5,1729800,34,500,3460,3,Baseline EWMA Chart,71.38345813524855,2.296875,2.9803532667630064,10.39502975,28.616541864751454,100.0,0.0,1.0,3460,1.0,,,,tep5
TEP Mode 5,1729800,34,500,3460,5,Baseline EWMA Chart,71.38345813524855,2.296875,2.9803532667630064,10.39502975,28.616541864751454,100.0,0.0,1.0,3460,1.0,,,,tep5
TEP Mode 5,1729800,34,500,3460,7,Baseline EWMA Chart,71.38345813524855,2.296875,2.9803532667630064,10.39502975,28.616541864751454,100.0,0.0,1.0,3460,1.0,,,,tep5
TEP Mode 5,1729800,34,500,3460,10,Baseline EWMA Chart,71.38345813524855,2.296875,2.9803532667630064,10.39502975,28.616541864751454,100.0,0.0,1.0,3460,1.0,,,,tep5
TEP Mode 5,1729800,34,500,3460,3,Baseline Sliding-Window Bootstrap (W=2000),99.0508542300028,582.8671875,4.5823585968208205,16.008012082999997,0.9491457699972016,100.0,0.0,1.0,3460,1.0,,,,tep5
TEP Mode 5,1729800,34,500,3460,5,Baseline Sliding-Window Bootstrap (W=2000),99.0508542300028,582.8671875,4.5823585968208205,16.008012082999997,0.9491457699972016,100.0,0.0,1.0,3460,1.0,,,,tep5
TEP Mode 5,1729800,34,500,3460,7,Baseline Sliding-Window Bootstrap (W=2000),99.0508542300028,582.8671875,4.5823585968208205,16.008012082999997,0.9491457699972016,100.0,0.0,1.0002928257686676,3459,0.9997109826589596,,,,tep5
TEP Mode 5,1729800,34,500,3460,10,Baseline Sliding-Window Bootstrap (W=2000),99.0508542300028,582.8671875,4.5823585968208205,16.008012082999997,0.9491457699972016,100.0,0.0,1.002053388090349,3453,0.9979768786127168,,,,tep5
TEP Mode 5,1729800,34,500,3460,3,Proposed RBULT-SPC,97.7892037841845,3.234375,10.413661103468238,36.223143875000005,2.210796215815506,100.0,0.0,1.0005858230814295,3458,0.999421965317919,70.4649092380622,29.535090761937795,0.0014705882352941,tep5
TEP Mode 5,1729800,34,500,3460,5,Proposed RBULT-SPC,97.7892037841845,3.234375,10.413661103468238,36.223143875000005,2.210796215815506,93.18181818181816,0.073170731707317,1.024609843937575,3373,0.9748554913294798,70.4649092380622,29.535090761937795,0.0014705882352941,tep5
TEP Mode 5,1729800,34,500,3460,7,Proposed RBULT-SPC,97.7892037841845,3.234375,10.413661103468238,36.223143875000005,2.210796215815506,59.09090909090909,0.6666666666666666,1.1385542168674698,3014,0.8710982658959537,70.4649092380622,29.535090761937795,0.0014705882352941,tep5
TEP Mode 5,1729800,34,500,3460,10,Proposed RBULT-SPC,97.7892037841845,3.234375,10.413661103468238,36.223143875000005,2.210796215815506,15.909090909090908,4.625,1.3124274099883857,2590,0.7485549132947977,70.4649092380622,29.535090761937795,0.0014705882352941,tep5
